Province_State,Country_Region,Last_Update,Lat,Long_,Confirmed,Deaths,Recovered,Active,FIPS,Incident_Rate,Total_Test_Results,People_Hospitalized,Case_Fatality_Ratio,UID,ISO3,Testing_Rate,Hospitalization_Rate
Alabama,US,2020-11-28 05:30:35,32.3182,-86.9023,242874,3572,161946.0,77356.0,1.0,4953.392539747124,1567713.0,,1.470721444040943,84000001.0,USA,31973.360173030385,
Alaska,US,2020-11-28 05:30:35,61.3707,-152.4044,30776,119,7165.0,23492.0,2.0,4206.986583190371,990773.0,,0.3866649337145828,84000002.0,USA,135435.68748334007,
Arizona,US,2020-11-28 05:30:35,33.7298,-111.4312,318638,6588,50892.0,261158.0,4.0,4377.667108090615,2203517.0,,2.067550009728909,84000004.0,USA,30273.42593481791,
Arkansas,US,2020-11-28 05:30:35,34.9697,-92.3731,153677,2436,134312.0,16929.0,5.0,5092.345294790516,1655994.0,,1.5851428645796053,84000005.0,USA,54874.140268884265,
California,US,2020-11-28 05:30:35,36.1162,-119.6816,1185576,19089,,1166487.0,6.0,3000.529734811428,23315918.0,,1.6101034433895425,84000006.0,USA,59009.380464369206,
Colorado,US,2020-11-28 05:30:35,39.0598,-105.3111,220953,2977,11957.0,206019.0,8.0,3836.8315547022817,3091838.0,,1.3473453630410088,84000008.0,USA,53689.524923524885,
Connecticut,US,2020-11-28 05:30:35,41.5978,-72.7554,112581,4961,9800.0,97820.0,9.0,3157.6981039675065,3154617.0,,4.406605022161823,84000009.0,USA,88481.43221008574,
Delaware,US,2020-11-28 05:30:35,39.3185,-75.5071,34170,763,16874.0,16533.0,10.0,3509.063797799056,709251.0,,2.2329528826455958,84000010.0,USA,72836.02597754692,
Florida,US,2020-11-28 05:30:35,27.7663,-81.6868,979020,18363,,960657.0,12.0,4558.3014635107975,12191982.0,,1.8756511613654472,84000012.0,USA,56765.673217806885,
Georgia,US,2020-11-28 05:30:35,33.0406,-83.6431,464526,9380,,455146.0,13.0,4375.129445252393,4258413.0,,2.019262646224324,84000013.0,USA,40107.78321632283,
Hawaii,US,2020-11-28 05:30:35,21.0943,-157.4983,18006,240,11958.0,5808.0,15.0,1271.7251276951588,655563.0,,1.3328890369876707,84000015.0,USA,46301.00743570041,
Idaho,US,2020-11-28 05:30:35,44.2405,-114.4788,98500,909,39199.0,58392.0,16.0,5511.830851144196,464446.0,,0.9228426395939088,84000016.0,USA,25989.317680106768,
Illinois,US,2020-11-28 05:30:35,40.3495,-88.9861,705063,12685,,692378.0,17.0,5564.022724121498,10289223.0,,1.7991300068220857,84000017.0,USA,81197.6668546691,
Indiana,US,2020-11-28 05:30:35,39.8494,-86.2583,324537,5594,187259.0,131684.0,18.0,4820.654230054013,4148596.0,,1.7236863593365317,84000018.0,USA,61623.01018430921,
Iowa,US,2020-11-28 05:30:35,42.0115,-93.2105,225056,2360,127348.0,95348.0,19.0,7133.153939532245,1060478.0,,1.0486278970567326,84000019.0,USA,33611.869150288265,
Kansas,US,2020-11-28 05:30:35,38.5266,-96.7265,155411,1529,3352.0,150530.0,20.0,5334.509084842896,812424.0,,0.9838428425272342,84000020.0,USA,27886.592382420844,
Kentucky,US,2020-11-28 05:30:35,37.6681,-84.6701,171755,1871,27866.0,142018.0,21.0,3844.395057561285,2528558.0,,1.0893423772233706,84000021.0,USA,56596.7562979654,
Louisiana,US,2020-11-28 05:30:35,31.1695,-91.8678,230602,6391,192488.0,31723.0,22.0,4960.469317418669,3378743.0,,2.7714417047553788,84000022.0,USA,72679.98969195019,
Maine,US,2020-11-28 05:30:35,44.6939,-69.3819,11265,190,8800.0,2275.0,23.0,838.037452425659,841328.0,,1.6866400355082112,84000023.0,USA,62588.936864125586,
Maryland,US,2020-11-28 05:30:35,39.0639,-76.8021,192858,4569,8565.0,179724.0,24.0,3190.013364915113,4335442.0,,2.369100581775192,84000024.0,USA,71711.40384539044,
Massachusetts,US,2020-11-28 05:30:35,42.2302,-71.5301,219252,10635,155473.0,53144.0,25.0,3181.0214663671527,8250436.0,,4.8505828909200375,84000025.0,USA,119701.59461664365,
Michigan,US,2020-11-28 05:30:35,43.3266,-84.5361,369801,9357,152267.0,208177.0,26.0,3702.876690834764,6513757.0,,2.5302797991352106,84000026.0,USA,65223.29297395567,
Minnesota,US,2020-11-28 05:30:35,45.6945,-93.9002,295001,3535,244982.0,46484.0,27.0,5230.855488443218,3922136.0,,1.1983010227083977,84000027.0,USA,69545.95619004928,
Mississippi,US,2020-11-28 05:30:35,32.7416,-89.6787,148387,3769,121637.0,22981.0,28.0,4985.872683121712,1095659.0,,2.539979917378207,84000028.0,USA,36814.655449038335,
Missouri,US,2020-11-28 05:30:35,38.4561,-92.2884,296665,3836,,292829.0,29.0,4833.702326120974,3027819.0,,1.293040972140293,84000029.0,USA,49333.67853765454,
Montana,US,2020-11-28 05:30:35,46.9219,-110.4544,59796,657,43290.0,15849.0,30.0,5594.80079118395,642514.0,,1.098735701384708,84000030.0,USA,60116.694018776594,
Nebraska,US,2020-11-28 05:30:35,41.1254,-98.2681,124066,984,60654.0,62428.0,31.0,6413.641796353199,1332601.0,,0.7931262392597488,84000031.0,USA,68889.34495721689,
Nevada,US,2020-11-28 05:30:35,38.3135,-117.0554,146317,2095,,144222.0,32.0,4750.3113478667965,1607005.0,,1.4318226863590695,84000032.0,USA,52172.84449229195,
New Hampshire,US,2020-11-28 05:30:35,43.4525,-71.5639,19323,517,14226.0,4580.0,33.0,1421.1108095764469,785563.0,,2.6755679759871653,84000033.0,USA,57774.26232486168,
New Jersey,US,2020-11-28 05:30:35,40.2989,-74.521,326473,16942,42923.0,266608.0,34.0,3675.5912674689453,5835907.0,,5.189403105310394,84000034.0,USA,65703.46952722245,
New Mexico,US,2020-11-28 05:30:35,34.8405,-106.2485,91852,1504,31102.0,59246.0,35.0,4380.519346117399,1521747.0,,1.6374167138440099,84000035.0,USA,72573.72918821707,
New York,US,2020-11-28 05:30:35,42.1657,-74.9481,628375,34477,84723.0,509175.0,36.0,3230.128406824849,18962849.0,,5.486691863934753,84000036.0,USA,97477.52095361873,
North Carolina,US,2020-11-28 05:30:35,35.6301,-79.8064,354514,5210,293555.0,55749.0,37.0,3380.1598080259473,5192822.0,,1.469617560942586,84000037.0,USA,49511.636253104014,
North Dakota,US,2020-11-28 05:30:35,47.5289,-99.78399999999999,77232,908,68105.0,8219.0,38.0,10134.608470176967,1065157.0,,1.1756784752434224,84000038.0,USA,139773.01059493847,
Ohio,US,2020-11-28 05:30:35,40.3888,-82.7649,399808,6346,254775.0,138687.0,39.0,3420.348872026076,5919541.0,,1.5872618857051384,84000039.0,USA,50641.54639792627,
Oklahoma,US,2020-11-28 05:30:35,35.5653,-96.9289,187567,1704,152969.0,32894.0,40.0,4740.166152342285,2061035.0,,0.9084753714672624,84000040.0,USA,52086.17904958112,
Oregon,US,2020-11-28 05:30:35,44.571999999999996,-122.0709,70832,885,5870.0,64077.0,41.0,1679.3839919369086,1031436.0,,1.2494352834876892,84000041.0,USA,24454.72536575893,
Pennsylvania,US,2020-11-28 05:30:35,40.5908,-77.2098,349238,10195,209604.0,129439.0,42.0,2727.997969690491,3129689.0,,2.9192126859047414,84000042.0,USA,24446.89649397449,
Rhode Island,US,2020-11-28 05:30:35,41.6809,-71.5118,53954,1346,3619.0,48989.0,44.0,5093.070256503685,1519021.0,,2.4947177225043555,84000044.0,USA,143390.30793091306,
South Carolina,US,2020-11-28 05:30:35,33.8569,-80.945,213120,4346,112233.0,96541.0,45.0,4139.286043077941,2339037.0,,2.0392267267267266,84000045.0,USA,45429.53832743476,
South Dakota,US,2020-11-28 05:30:35,44.2998,-99.4388,78280,888,61010.0,16382.0,46.0,8848.607203453534,323484.0,,1.13438937148697,84000046.0,USA,36565.953661241234,
Tennessee,US,2020-11-28 05:30:35,35.7478,-86.6923,356716,4526,318523.0,33667.0,47.0,5223.413548988501,4426634.0,,1.268796465535608,84000047.0,USA,64819.464257317224,
Texas,US,2020-11-28 05:30:35,31.0545,-97.5635,1207243,21693,946663.0,238887.0,48.0,4163.498256873106,10498559.0,,1.7969041858184307,84000048.0,USA,36207.070238700464,
Utah,US,2020-11-28 05:30:35,40.15,-111.8624,190044,849,126690.0,62505.0,49.0,5927.838106425599,1797403.0,,0.4467386499968428,84000049.0,USA,56064.45873589112,
Vermont,US,2020-11-28 05:30:35,44.0459,-72.7107,4005,67,2439.0,1499.0,50.0,641.8382375330334,546179.0,,1.6729088639201,84000050.0,USA,87530.22889826584,
Virginia,US,2020-11-28 05:30:35,37.7693,-78.17,230444,4044,23858.0,202542.0,51.0,2699.824111457077,3269710.0,,1.7548732012983632,84000051.0,USA,38307.10235663467,
Washington,US,2020-11-28 05:30:35,47.4009,-121.4905,158167,2703,,155464.0,53.0,2077.074490738084,2894367.0,,1.7089531950406849,84000053.0,USA,38009.29310497206,
West Virginia,US,2020-11-28 05:30:35,38.4912,-80.9545,45046,712,29008.0,15326.0,54.0,2513.5214912615984,1102054.0,,1.5806064911423878,84000054.0,USA,61493.504718083954,
Wisconsin,US,2020-11-28 05:30:35,44.2685,-89.6165,399526,3434,301541.0,94551.0,55.0,6861.838193442813,4351880.0,,0.859518529457407,84000055.0,USA,74743.31181770372,
Wyoming,US,2020-11-28 05:30:35,42.756,-107.3025,31773,215,21700.0,9858.0,56.0,5489.849833868674,393512.0,,0.6766751644478016,84000056.0,USA,67992.37679241273,
Alabama,US,2020-11-27 05:30:26,32.3182,-86.9023,241957,3572,161946.0,76439.0,1.0,4934.690410416903,1562942.0,,1.4762953747980012,84000001.0,USA,31876.05607375614,
Alaska,US,2020-11-27 05:30:26,61.3707,-152.4044,30102,119,7165.0,22818.0,2.0,4114.852811515355,969573.0,,0.3953225699289084,84000002.0,USA,132537.71128228612,
Arizona,US,2020-11-27 05:30:26,33.7298,-111.4312,314324,6568,50352.0,257404.0,4.0,4318.3984210404105,2178685.0,,2.089563634975376,84000004.0,USA,29932.266909126978,
Arkansas,US,2020-11-27 05:30:26,34.9697,-92.3731,152625,2436,132580.0,17609.0,5.0,5057.485509330626,1647144.0,,1.5960687960687958,84000005.0,USA,54580.88066686902,
California,US,2020-11-27 05:30:26,36.1162,-119.6816,1171802,19025,,1152777.0,6.0,2965.669635950374,23096745.0,,1.6235678041170778,84000006.0,USA,58454.68375697312,
Colorado,US,2020-11-27 05:30:26,39.0598,-105.3111,216683,2957,11782.0,201944.0,8.0,3762.6833388438013,3046149.0,,1.3646663559208614,84000008.0,USA,52896.13901383915,
Connecticut,US,2020-11-27 05:30:26,41.5978,-72.7554,109152,4926,9800.0,94426.0,9.0,3061.5207134797283,3083113.0,,4.5129727352682485,84000009.0,USA,86475.8713674383,
Delaware,US,2020-11-27 05:30:26,39.3185,-75.5071,33579,761,16712.0,16106.0,10.0,3448.371473991645,705587.0,,2.2662973882486077,84000010.0,USA,72459.75410879844,
Florida,US,2020-11-27 05:30:26,27.7663,-81.6868,961676,18254,,943422.0,12.0,4477.548076876069,11949292.0,,1.8981444894122343,84000012.0,USA,55635.712458905706,
Georgia,US,2020-11-27 05:30:26,33.0406,-83.6431,461517,9336,,452181.0,13.0,4346.789235014937,4226691.0,,2.0228940645740026,84000013.0,USA,39809.01015246355,
Hawaii,US,2020-11-27 05:30:26,21.0943,-157.4983,17881,237,11958.0,5686.0,15.0,1262.8966460244994,649900.0,,1.3254292265533247,84000015.0,USA,45901.04190209285,
Idaho,US,2020-11-27 05:30:26,44.2405,-114.4788,96503,895,39199.0,56409.0,16.0,5400.083376933688,464446.0,,0.9274323078039024,84000016.0,USA,25989.317680106768,
Illinois,US,2020-11-27 05:30:26,40.3495,-88.9861,697489,12594,,684895.0,17.0,5504.252309119583,10212093.0,,1.8056198735750668,84000017.0,USA,80588.99348404622,
Indiana,US,2020-11-27 05:30:26,39.8494,-86.2583,318894,5561,182726.0,130607.0,18.0,4736.8334274330655,4100250.0,,1.7438396457757124,84000018.0,USA,60904.88143656647,
Iowa,US,2020-11-27 05:30:26,42.0115,-93.2105,223323,2349,124520.0,96454.0,19.0,7078.2264735806175,1057718.0,,1.051839711986674,84000019.0,USA,33524.390900994265,
Kansas,US,2020-11-27 05:30:26,38.5266,-96.7265,150647,1503,3299.0,145845.0,20.0,5170.98397220485,799185.0,,0.9976966019900828,84000020.0,USA,27432.161449126317,
Kentucky,US,2020-11-27 05:30:26,37.6681,-84.6701,166139,1835,27349.0,136955.0,21.0,3718.6920349810734,2480097.0,,1.1044968369858974,84000021.0,USA,55512.05291882373,
Louisiana,US,2020-11-27 05:30:26,31.1695,-91.8678,225638,6350,192488.0,26800.0,22.0,4853.6889352378275,3310705.0,,2.8142422818851442,84000022.0,USA,71216.42731426687,
Maine,US,2020-11-27 05:30:26,44.6939,-69.3819,11265,190,8791.0,2284.0,23.0,838.037452425659,841328.0,,1.6866400355082112,84000023.0,USA,62588.936864125586,
Maryland,US,2020-11-27 05:30:26,39.0639,-76.8021,190480,4547,8561.0,177372.0,24.0,3150.679493456485,4288122.0,,2.3871272574548508,84000024.0,USA,70928.69619298408,
Massachusetts,US,2020-11-27 05:30:26,42.2302,-71.5301,214594,10604,145682.0,58308.0,25.0,3113.440792118625,8130694.0,,4.941424270948861,84000025.0,USA,117964.31572100875,
Michigan,US,2020-11-27 05:30:26,43.3266,-84.5361,352433,9170,152267.0,190996.0,26.0,3528.968122803801,6392563.0,,2.601912987716814,84000026.0,USA,64009.75802497222,
Minnesota,US,2020-11-27 05:30:26,45.6945,-93.9002,289303,3434,240720.0,45149.0,27.0,5129.820527296816,3873062.0,,1.1869908020310884,84000027.0,USA,68675.79303046723,
Mississippi,US,2020-11-27 05:30:26,32.7416,-89.6787,147382,3763,121637.0,21982.0,28.0,4952.104212524306,1094654.0,,2.553229023897084,84000028.0,USA,36780.88697844093,
Missouri,US,2020-11-27 05:30:26,38.4561,-92.2884,293496,3835,,289661.0,29.0,4782.068319172136,3009614.0,,1.3066617602965631,84000029.0,USA,49037.05591332394,
Montana,US,2020-11-27 05:30:26,46.9219,-110.4544,59682,658,43077.0,15947.0,30.0,5584.134403964154,631927.0,,1.102509969505043,84000030.0,USA,59126.123479338086,
Nebraska,US,2020-11-27 05:30:26,41.1254,-98.2681,122952,982,59677.0,62293.0,31.0,6356.053118059893,1313816.0,,0.7986856659509401,84000031.0,USA,67918.24682280057,
Nevada,US,2020-11-27 05:30:26,38.3135,-117.0554,144781,2093,,142688.0,32.0,4700.443743758433,1592915.0,,1.4456316781898175,84000032.0,USA,51715.400129084366,
New Hampshire,US,2020-11-27 05:30:26,43.4525,-71.5639,18846,514,13969.0,4363.0,33.0,1386.0298254555566,785563.0,,2.7273692030139016,84000033.0,USA,57774.26232486168,
New Jersey,US,2020-11-27 05:30:26,40.2989,-74.521,322378,16925,42489.0,262964.0,34.0,3629.487772722718,5831812.0,,5.250048080203984,84000034.0,USA,65657.36603247622,
New Mexico,US,2020-11-27 05:30:26,34.8405,-106.2485,89796,1469,30777.0,57550.0,35.0,4282.466524451923,1504856.0,,1.6359303309724265,84000035.0,USA,71768.1794748165,
New York,US,2020-11-27 05:30:26,42.1657,-74.9481,620199,34443,84339.0,501417.0,36.0,3188.100111850987,18743407.0,,5.553540073428046,84000036.0,USA,96349.49097494283,
North Carolina,US,2020-11-27 05:30:26,35.6301,-79.8064,346506,5138,293555.0,47813.0,37.0,3303.8064912523582,5084569.0,,1.482802606592671,84000037.0,USA,48479.48395531539,
North Dakota,US,2020-11-27 05:30:26,47.5289,-99.78399999999999,76442,903,67200.0,8339.0,38.0,10030.942364269577,1058014.0,,1.181287773736951,84000038.0,USA,138835.6852854492,
Ohio,US,2020-11-27 05:30:26,40.3888,-82.7649,382743,6274,242146.0,134323.0,39.0,3274.358162732802,5856888.0,,1.6392200510525343,84000039.0,USA,50105.55132559394,
Oklahoma,US,2020-11-27 05:30:26,35.5653,-96.9289,184342,1680,149345.0,33317.0,40.0,4658.664417808471,2057810.0,,0.911349556802031,84000040.0,USA,52004.677315047295,
Oregon,US,2020-11-27 05:30:26,44.571999999999996,-122.0709,68503,867,5870.0,61766.0,41.0,1624.1648068620684,1030663.0,,1.2656380012554194,84000041.0,USA,24436.398002056558,
Pennsylvania,US,2020-11-27 05:30:26,40.5908,-77.2098,340642,10172,203253.0,127217.0,42.0,2660.852153520832,3101483.0,,2.98612619700448,84000042.0,USA,24226.571355435473,
Rhode Island,US,2020-11-27 05:30:26,41.6809,-71.5118,52317,1335,3510.0,47472.0,44.0,4938.543140629115,1492195.0,,2.551751820631917,84000044.0,USA,140858.02667834665,
South Carolina,US,2020-11-27 05:30:26,33.8569,-80.945,210905,4317,111013.0,95575.0,45.0,4096.265591757477,2308163.0,,2.0468931509447383,84000045.0,USA,44829.893445237,
South Dakota,US,2020-11-27 05:30:26,44.2998,-99.4388,76142,849,59981.0,15312.0,46.0,8606.932162562072,318354.0,,1.1150219327046833,84000046.0,USA,35986.069208587716,
Tennessee,US,2020-11-27 05:30:26,35.7478,-86.6923,352376,4519,312885.0,34972.0,47.0,5159.862671532458,4391717.0,,1.2824369423570277,84000047.0,USA,64308.17255498249,
Texas,US,2020-11-27 05:30:26,31.0545,-97.5635,1202804,21639,943457.0,237708.0,48.0,4148.189185905405,10386194.0,,1.7990462286457312,84000048.0,USA,35819.549680176984,
Utah,US,2020-11-27 05:30:26,40.15,-111.8624,183902,834,120890.0,62178.0,49.0,5736.257305928524,1765766.0,,0.4535024088916923,84000049.0,USA,55077.63981936133,
Vermont,US,2020-11-27 05:30:26,44.0459,-72.7107,3827,64,2374.0,1389.0,50.0,613.3120936426764,533135.0,,1.6723281944081525,84000050.0,USA,85439.80743250281,
Virginia,US,2020-11-27 05:30:26,37.7693,-78.17,228900,4029,23749.0,201122.0,51.0,2681.7349946734353,3236893.0,,1.7601572739187419,84000051.0,USA,37922.62661473778,
Washington,US,2020-11-27 05:30:26,47.4009,-121.4905,153906,2704,,151202.0,53.0,2021.1183532060136,2894367.0,,1.7569165594583709,84000053.0,USA,38009.29310497206,
West Virginia,US,2020-11-27 05:30:26,38.4912,-80.9545,44180,712,28718.0,14750.0,54.0,2465.19956231269,1085099.0,,1.6115889542779538,84000054.0,USA,60547.432771976855,
Wisconsin,US,2020-11-27 05:30:26,44.2685,-89.6165,398104,3415,296577.0,98112.0,55.0,6837.4154176758375,4318215.0,,0.8578160480678416,84000055.0,USA,74165.11720012627,
Wyoming,US,2020-11-27 05:30:26,42.756,-107.3025,30761,215,20113.0,10433.0,56.0,5314.992941794426,385040.0,,0.6989369656383082,84000056.0,USA,66528.55506350657,
Alabama,US,2020-12-01 05:30:26,32.3182,-86.9023,249524,3578,161946.0,84000.0,1.0,5089.0186684777345,1584347.0,,1.4339302031067152,84000001.0,USA,32312.609049016093,
Alaska,US,2020-12-01 05:30:26,61.3707,-152.4044,32576,121,7165.0,25290.0,2.0,4453.0411662987235,1011396.0,,0.37143909626719057,84000002.0,USA,138254.7895208087,
Arizona,US,2020-12-01 05:30:26,33.7298,-111.4312,326817,6639,52438.0,267740.0,4.0,4490.035812630164,2253689.0,,2.0314120746472795,84000004.0,USA,30962.723238175084,
Arkansas,US,2020-12-01 05:30:26,34.9697,-92.3731,157359,2502,138696.0,16161.0,5.0,5214.354543900135,1683457.0,,1.58999485253465,84000005.0,USA,55784.172862120926,
California,US,2020-12-01 05:30:26,36.1162,-119.6816,1230264,19173,,1211091.0,6.0,3113.628914272933,24025171.0,,1.5584459920797489,84000006.0,USA,60804.402222573,
Colorado,US,2020-12-01 05:30:26,39.0598,-105.3111,232905,3037,12538.0,217330.0,8.0,4044.3770994190386,3218851.0,,1.3039651359996565,84000008.0,USA,55895.095729340595,
Connecticut,US,2020-12-01 05:30:26,41.5978,-72.7554,117295,5020,9800.0,102475.0,9.0,3289.9174736844466,3261454.0,,4.27980732341532,84000009.0,USA,91478.02126448727,
Delaware,US,2020-12-01 05:30:26,39.3185,-75.5071,35654,772,17463.0,17419.0,10.0,3661.4621201851783,740434.0,,2.1652549503562013,84000010.0,USA,76038.34193911463,
Florida,US,2020-12-01 05:30:26,27.7663,-81.6868,999319,18597,,980722.0,12.0,4652.813282889161,12427765.0,,1.8609673187440647,84000012.0,USA,57863.475095164824,
Georgia,US,2020-12-01 05:30:26,33.0406,-83.6431,471563,9452,,462111.0,13.0,4441.407298173956,4314448.0,,2.0043981398031647,84000013.0,USA,40635.547816075516,
Hawaii,US,2020-12-01 05:30:26,21.0943,-157.4983,18223,244,11958.0,6021.0,15.0,1287.0513718754235,669762.0,,1.3389672392032048,84000015.0,USA,47303.852325633954,
Idaho,US,2020-12-01 05:30:26,44.2405,-114.4788,101698,929,40461.0,60308.0,16.0,5690.78349136713,473037.0,,0.9134889575016224,84000016.0,USA,26470.050054139047,
Illinois,US,2020-12-01 05:30:26,40.3495,-88.9861,726304,12985,,713319.0,17.0,5731.646619692623,10497998.0,,1.7878188747411552,84000017.0,USA,82845.22011477278,
Indiana,US,2020-12-01 05:30:26,39.8494,-86.2583,338977,5723,197078.0,136176.0,18.0,5035.145172787754,4259964.0,,1.6883151364251852,84000018.0,USA,63277.264153171476,
Iowa,US,2020-12-01 05:30:26,42.0115,-93.2105,230631,2426,132271.0,95934.0,19.0,7309.853664102539,1070816.0,,1.0518967528216068,84000019.0,USA,33939.53224492642,
Kansas,US,2020-12-01 05:30:26,38.5266,-96.7265,159915,1560,3403.0,154952.0,20.0,5489.109653130421,822884.0,,0.9755182440671608,84000020.0,USA,28245.633666676506,
Kentucky,US,2020-12-01 05:30:26,37.6681,-84.6701,179041,1908,28281.0,148852.0,21.0,4007.477718266311,2583120.0,,1.0656776939360255,84000021.0,USA,57818.018462855274,
Louisiana,US,2020-12-01 05:30:26,31.1695,-91.8678,232414,6420,192488.0,33506.0,22.0,4999.447168448419,3403719.0,,2.762312081027821,84000022.0,USA,73217.24731188348,
Maine,US,2020-12-01 05:30:26,44.6939,-69.3819,11757,194,9098.0,2465.0,23.0,874.6388218525052,875799.0,,1.6500808029259164,84000023.0,USA,65153.33890785085,
Maryland,US,2020-12-01 05:30:26,39.0639,-76.8021,198370,4641,8608.0,185121.0,24.0,3281.1859046459613,4429749.0,,2.339567474920603,84000024.0,USA,73271.31108494,
Massachusetts,US,2020-12-01 05:30:26,42.2302,-71.5301,226132,10748,155473.0,59911.0,25.0,3280.8400663735656,8400584.0,,4.752976137831,84000025.0,USA,121880.01949364404,
Michigan,US,2020-12-01 05:30:26,43.3266,-84.5361,388942,9564,165269.0,214109.0,26.0,3894.53859207156,6677336.0,,2.458978459513244,84000026.0,USA,66861.23572210957,
Minnesota,US,2020-12-01 05:30:26,45.6945,-93.9002,318763,3652,272608.0,42503.0,27.0,5652.195036839284,4156622.0,,1.1456787644739197,84000027.0,USA,73703.78067221407,
Mississippi,US,2020-12-01 05:30:26,32.7416,-89.6787,153270,3807,128746.0,20717.0,28.0,5149.943769616373,1135665.0,,2.4838520258367587,84000028.0,USA,38158.8757820929,
Missouri,US,2020-12-01 05:30:26,38.4561,-92.2884,306206,3861,,302345.0,29.0,4989.15832495306,3076377.0,,1.260915854032906,84000029.0,USA,50124.85686186461,
Montana,US,2020-12-01 05:30:26,46.9219,-110.4544,62198,681,45486.0,16031.0,30.0,5819.543441201073,656021.0,,1.094890510948905,84000030.0,USA,61380.47377472216,
Nebraska,US,2020-12-01 05:30:26,41.1254,-98.2681,128407,1018,63562.0,63827.0,31.0,6638.051538248394,1354171.0,,0.7927916702360464,84000031.0,USA,70004.41478736648,
Nevada,US,2020-12-01 05:30:26,38.3135,-117.0554,152171,2144,,150027.0,32.0,4940.366656753748,1638099.0,,1.4089412568754889,84000032.0,USA,53182.33881660539,
New Hampshire,US,2020-12-01 05:30:26,43.4525,-71.5639,21030,526,14999.0,5505.0,33.0,1546.6521930027775,810663.0,,2.5011887779362816,84000033.0,USA,59620.24283101336,
New Jersey,US,2020-12-01 05:30:26,40.2989,-74.521,337304,16993,43771.0,276540.0,34.0,3797.5319149894335,6086496.0,,5.037888670161042,84000034.0,USA,68524.72194357472,
New Mexico,US,2020-12-01 05:30:26,34.8405,-106.2485,97095,1568,32569.0,62958.0,35.0,4630.563579576588,1558291.0,,1.614913229311499,84000035.0,USA,74316.55132583535,
New York,US,2020-12-01 05:30:26,42.1657,-74.9481,647980,34605,85556.0,527819.0,36.0,3330.9068709836724,19421498.0,,5.340442606253278,84000036.0,USA,99835.18184665524,
North Carolina,US,2020-12-01 05:30:26,35.6301,-79.8064,364512,5261,315979.0,43272.0,37.0,3475.4870384333312,5316284.0,,1.4432995347203932,84000037.0,USA,50688.80073805664,
North Dakota,US,2020-12-01 05:30:26,47.5289,-99.78399999999999,79252,933,71848.0,6471.0,38.0,10399.678766294606,1088089.0,,1.1772573562812294,84000038.0,USA,142782.21457046806,
Ohio,US,2020-12-01 05:30:26,40.3888,-82.7649,421063,6429,271326.0,143308.0,39.0,3602.184941526722,6128597.0,,1.5268499013211798,84000039.0,USA,52430.01599780993,
Oklahoma,US,2020-12-01 05:30:26,35.5653,-96.9289,197745,1743,163727.0,32275.0,40.0,4997.383099345434,2071213.0,,0.8814382158840931,84000040.0,USA,52343.39599658426,
Oregon,US,2020-12-01 05:30:26,44.571999999999996,-122.0709,75431,912,5870.0,68649.0,41.0,1788.4235076772213,1044117.0,,1.2090519812809055,84000041.0,USA,24755.384226185757,
Pennsylvania,US,2020-12-01 05:30:26,40.5908,-77.2098,366835,10335,216878.0,139622.0,42.0,2865.4531729405485,3189513.0,,2.8173429471015576,84000042.0,USA,24914.19887956473,
Rhode Island,US,2020-12-01 05:30:26,41.6809,-71.5118,56723,1373,3737.0,51613.0,44.0,5354.454241755171,1550160.0,,2.4205348800310285,84000044.0,USA,146329.72140752774,
South Carolina,US,2020-12-01 05:30:26,33.8569,-80.945,217487,4381,114457.0,98649.0,45.0,4224.10333920276,2399463.0,,2.014373272885276,84000045.0,USA,46603.151777317595,
South Dakota,US,2020-12-01 05:30:26,44.2998,-99.4388,80464,946,62334.0,17184.0,46.0,9095.481987975028,328852.0,,1.175681049910519,84000046.0,USA,37172.741135284894,
Tennessee,US,2020-12-01 05:30:26,35.7478,-86.6923,374493,4602,328710.0,41181.0,47.0,5483.723214549812,4545436.0,,1.2288614206407062,84000047.0,USA,66559.08899085014,
Texas,US,2020-12-01 05:30:26,31.0545,-97.5635,1238752,21896,962639.0,254217.0,48.0,4272.1654154947055,10761759.0,,1.7675854408307716,84000048.0,USA,37114.78537244653,
Utah,US,2020-12-01 05:30:26,40.15,-111.8624,195706,871,134296.0,60539.0,49.0,6104.4467831456295,1824046.0,,0.4450553381092046,84000049.0,USA,56895.50518129059,
Vermont,US,2020-12-01 05:30:26,44.0459,-72.7107,4172,69,2523.0,1580.0,50.0,668.6015298346606,552954.0,,1.653883029721956,84000050.0,USA,88615.98521768814,
Virginia,US,2020-12-01 05:30:26,37.7693,-78.17,237835,4062,24199.0,209574.0,51.0,2786.415213884475,3326327.0,,1.7079067420690814,84000051.0,USA,38970.41292978201,
Washington,US,2020-12-01 05:30:26,47.4009,-121.4905,165019,2774,,162245.0,53.0,2167.0560571238493,2894367.0,,1.6810185493791625,84000053.0,USA,38009.29310497206,
West Virginia,US,2020-12-01 05:30:26,38.4912,-80.9545,47842,735,30320.0,16787.0,54.0,2669.5354789534563,1137951.0,,1.536307010576481,84000054.0,USA,63496.52121170864,
Wisconsin,US,2020-12-01 05:30:26,44.2685,-89.6165,411730,3494,315086.0,93150.0,55.0,7071.4412563543,4426030.0,,0.8486143832122993,84000055.0,USA,76016.83419683245,
Wyoming,US,2020-12-01 05:30:26,42.756,-107.3025,33305,215,24478.0,8612.0,56.0,5754.554140842734,419587.0,,0.6455487164089476,84000056.0,USA,72497.70629916771,
Alabama,US,2020-12-03 05:30:41,32.3182,-86.9023,256828,3711,168387.0,84730.0,1.0,5237.98306610907,1603523.0,,1.4449359104147523,84000001.0,USA,32703.701777518087,
Alaska,US,2020-12-03 05:30:41,61.3707,-152.4044,33263,122,7165.0,25976.0,2.0,4546.951998851745,1024643.0,,0.3667738929140487,84000002.0,USA,140065.61455549556,
Arizona,US,2020-12-03 05:30:41,33.7298,-111.4312,340979,6739,53694.0,280546.0,4.0,4684.603069469524,2288204.0,,1.976368046126008,84000004.0,USA,31436.91395063168,
Arkansas,US,2020-12-03 05:30:41,34.9697,-92.3731,161521,2522,142600.0,16399.0,5.0,5352.2693985427795,1703266.0,,1.5614068758861075,84000005.0,USA,56440.577320462166,
California,US,2020-12-03 05:30:41,36.1162,-119.6816,1265182,19410,,1245772.0,6.0,3202.0015679704993,24299126.0,,1.5341666258293274,84000006.0,USA,61497.74463461598,
Colorado,US,2020-12-03 05:30:41,39.0598,-105.3111,241172,3193,12996.0,224983.0,8.0,4187.9329074991465,3288900.0,,1.323951370805898,84000008.0,USA,57111.49113277638,
Connecticut,US,2020-12-03 05:30:41,41.5978,-72.7554,121426,5091,9800.0,106535.0,9.0,3405.7847236421635,3327440.0,,4.192677021395747,84000009.0,USA,93328.8119581958,
Delaware,US,2020-12-03 05:30:41,39.3185,-75.5071,36698,779,17907.0,18012.0,10.0,3768.6749561495394,748039.0,,2.122731484004578,84000010.0,USA,76819.33199419982,
Florida,US,2020-12-03 05:30:41,27.7663,-81.6868,1018160,18776,,999384.0,12.0,4740.536677583863,12615881.0,,1.8441109452345408,84000012.0,USA,58739.34018281349,
Georgia,US,2020-12-03 05:30:41,33.0406,-83.6431,482139,9567,,472572.0,13.0,4541.017156422985,4362964.0,,1.9842825409269944,84000013.0,USA,41092.494854919125,
Hawaii,US,2020-12-03 05:30:41,21.0943,-157.4983,18342,244,11958.0,6140.0,15.0,1295.4560864258915,677445.0,,1.3302802311634498,84000015.0,USA,47846.486123039365,
Idaho,US,2020-12-03 05:30:41,44.2405,-114.4788,104734,991,41354.0,62389.0,16.0,5860.670988464326,477248.0,,0.9462065804800732,84000016.0,USA,26705.687817734663,
Illinois,US,2020-12-03 05:30:41,40.3495,-88.9861,748603,13397,,735206.0,17.0,5907.619749363568,10699586.0,,1.7896000951104925,84000017.0,USA,84436.05698028719,
Indiana,US,2020-12-03 05:30:41,39.8494,-86.2583,350970,5973,208176.0,136821.0,18.0,5213.288516015299,4342486.0,,1.7018548593896914,84000018.0,USA,64503.041270641974,
Iowa,US,2020-12-03 05:30:41,42.0115,-93.2105,236159,2518,142246.0,91395.0,19.0,7485.063722833408,1078029.0,,1.066230802129074,84000019.0,USA,34168.14840875163,
Kansas,US,2020-12-03 05:30:41,38.5266,-96.7265,164855,1679,3512.0,159664.0,20.0,5658.675995790361,831182.0,,1.0184707773497923,84000020.0,USA,28530.463932140512,
Kentucky,US,2020-12-03 05:30:41,37.6681,-84.6701,186765,1943,28486.0,156336.0,21.0,4180.364140347783,2619809.0,,1.0403448183546171,84000021.0,USA,58639.228967742274,
Louisiana,US,2020-12-03 05:30:41,31.1695,-91.8678,241335,6501,202891.0,31943.0,22.0,5191.346400808468,3518499.0,,2.6937659270308907,84000022.0,USA,75686.27476287399,
Maine,US,2020-12-03 05:30:41,44.6939,-69.3819,12208,218,9564.0,2426.0,23.0,908.190077160448,892341.0,,1.7857142857142858,84000023.0,USA,66383.94836528762,
Maryland,US,2020-12-03 05:30:41,39.0639,-76.8021,203355,4715,8648.0,189992.0,24.0,3363.641476227653,4496011.0,,2.3186053945071428,84000024.0,USA,74367.33336862024,
Massachusetts,US,2020-12-03 05:30:41,42.2302,-71.5301,234232,10824,155473.0,67935.0,25.0,3398.359057660185,8566262.0,,4.621059462413334,84000025.0,USA,124283.76164653106,
Michigan,US,2020-12-03 05:30:41,43.3266,-84.5361,402886,9842,165269.0,227775.0,26.0,4034.16209924704,6762022.0,,2.4428746593329134,84000026.0,USA,67709.21021498555,
Minnesota,US,2020-12-03 05:30:41,45.6945,-93.9002,327477,3751,286219.0,37507.0,27.0,5806.708664678829,4218617.0,,1.1454239534379511,84000027.0,USA,74803.05452554351,
Mississippi,US,2020-12-03 05:30:41,32.7416,-89.6787,156868,3851,128746.0,24271.0,28.0,5270.838254401913,1139263.0,,2.4549302598362956,84000028.0,USA,38279.77026687844,
Missouri,US,2020-12-03 05:30:41,38.4561,-92.2884,312046,4077,,307969.0,29.0,5084.312190709203,3103739.0,,1.3065381386077697,84000029.0,USA,50570.67879248442,
Montana,US,2020-12-03 05:30:41,46.9219,-110.4544,64340,713,47533.0,16094.0,30.0,6019.959243173044,663581.0,,1.1081753186198322,84000030.0,USA,62087.823664035,
Nebraska,US,2020-12-03 05:30:41,41.1254,-98.2681,132530,1128,64975.0,66427.0,31.0,6851.191682416533,1386201.0,,0.8511280464800423,84000031.0,USA,71660.2185268051,
Nevada,US,2020-12-03 05:30:41,38.3135,-117.0554,156997,2202,,154795.0,32.0,5097.04703268276,1664999.0,,1.6274196322222718,84000032.0,USA,54055.67120626359,
New Hampshire,US,2020-12-03 05:30:41,43.4525,-71.5639,22368,537,17101.0,4730.0,33.0,1645.0554566374767,831649.0,,2.400751072961373,84000033.0,USA,61163.659042252366,
New Jersey,US,2020-12-03 05:30:41,40.2989,-74.521,346206,17145,44380.0,284681.0,34.0,3897.754945570856,6133587.0,,4.952253860418363,84000034.0,USA,69054.89524542933,
New Mexico,US,2020-12-03 05:30:41,34.8405,-106.2485,100963,1629,34411.0,64923.0,35.0,4815.032603993936,1592222.0,,1.613462357497301,84000035.0,USA,75934.75672074356,
New York,US,2020-12-03 05:30:41,42.1657,-74.9481,664238,34718,86201.0,543319.0,36.0,3414.4802589099236,19761724.0,,5.226741017526852,84000036.0,USA,101584.0955802385,
North Carolina,US,2020-12-03 05:30:41,35.6301,-79.8064,371594,5366,315979.0,50249.0,37.0,3543.011287857725,5378004.0,,1.4440491504168531,84000037.0,USA,51277.27809960332,
North Dakota,US,2020-12-03 05:30:41,47.5289,-99.78399999999999,80135,972,73933.0,5230.0,38.0,10515.54860365692,1096339.0,,1.2129531415735946,84000038.0,USA,143864.8036511465,
Ohio,US,2020-12-03 05:30:41,40.3888,-82.7649,437928,6671,289768.0,141489.0,39.0,3746.4646551060387,6217744.0,,1.523309767815714,84000039.0,USA,53192.66667236999,
Oklahoma,US,2020-12-03 05:30:41,35.5653,-96.9289,202341,1812,170905.0,29624.0,40.0,5113.532548001996,2143079.0,,0.8955179622518422,84000040.0,USA,54159.58317612133,
Oregon,US,2020-12-03 05:30:41,44.571999999999996,-122.0709,78160,953,5870.0,71337.0,41.0,1853.1264514596328,1047275.0,,1.219293756397134,84000041.0,USA,24830.25850118203,
Pennsylvania,US,2020-12-03 05:30:41,40.5908,-77.2098,380951,10676,225258.0,145017.0,42.0,2975.71728893065,3228055.0,,2.802460158918076,84000042.0,USA,25215.26147226029,
Rhode Island,US,2020-12-03 05:30:41,41.6809,-71.5118,59005,1391,3839.0,53775.0,44.0,5569.867118007931,1574531.0,,2.3574273366663845,84000044.0,USA,148630.25918454616,
South Carolina,US,2020-12-03 05:30:41,33.8569,-80.945,220835,4444,116292.0,100099.0,45.0,4289.129285487599,2432901.0,,2.0123621708515413,84000045.0,USA,47252.595502488584,
South Dakota,US,2020-12-03 05:30:41,44.2998,-99.4388,82203,995,66351.0,14857.0,46.0,9292.054904771216,332540.0,,1.2104181112611463,84000046.0,USA,37589.62492892742,
Tennessee,US,2020-12-03 05:30:41,35.7478,-86.6923,384285,4688,342115.0,37482.0,47.0,5627.108051427596,4605389.0,,1.219927918081632,84000047.0,USA,67436.98432636216,
Texas,US,2020-12-03 05:30:41,31.0545,-97.5635,1268946,22335,993151.0,253460.0,48.0,4376.297447213278,10932546.0,,1.7601221801400533,84000048.0,USA,37703.78972102969,
Utah,US,2020-12-03 05:30:41,40.15,-111.8624,202220,906,138995.0,62319.0,49.0,6307.630979569914,1848316.0,,0.4480269013945208,84000049.0,USA,57652.5331897673,
Vermont,US,2020-12-03 05:30:41,44.0459,-72.7107,4461,74,2655.0,1732.0,50.0,714.9164488476559,559575.0,,1.658820892176642,84000050.0,USA,89677.06161486822,
Virginia,US,2020-12-03 05:30:41,37.7693,-78.17,242480,4113,24620.0,213747.0,51.0,2840.834868975161,3350896.0,,1.6962223688551634,84000051.0,USA,39258.25717217664,
Washington,US,2020-12-03 05:30:41,47.4009,-121.4905,170342,2850,,167492.0,53.0,2236.95854951606,2894367.0,,1.6731046952601238,84000053.0,USA,38009.29310497206,
West Virginia,US,2020-12-03 05:30:41,38.4912,-80.9545,49905,778,32002.0,17125.0,54.0,2784.648803920661,1159681.0,,1.5589620278529206,84000054.0,USA,64709.033354964726,
Wisconsin,US,2020-12-03 05:30:41,44.2685,-89.6165,420930,3703,325587.0,91640.0,55.0,7229.450776084366,4479199.0,,0.8797187180766398,84000055.0,USA,76930.00899623765,
Wyoming,US,2020-12-03 05:30:41,42.756,-107.3025,34491,239,26568.0,7684.0,56.0,5959.475360210381,408325.0,,0.6929343886811052,84000056.0,USA,70551.81863262602,
Alabama,US,2020-11-24 05:30:26,32.3182,-86.9023,234080,3459,90702.0,139919.0,1.0,4774.039731317501,1533628.0,,1.4776999316473,84000001.0,USA,31278.199782386342,
Alaska,US,2020-11-24 05:30:26,61.3707,-152.4044,28273,103,7165.0,21005.0,2.0,3864.834015679145,933016.0,,0.3643051674742687,84000002.0,USA,127540.47939634607,
Arizona,US,2020-11-24 05:30:26,33.7298,-111.4312,302324,6464,48807.0,247053.0,4.0,4153.534201151109,2124873.0,,2.138103491618264,84000004.0,USA,29192.960792403388,
Arkansas,US,2020-11-24 05:30:26,34.9697,-92.3731,146190,2387,127059.0,16744.0,5.0,4844.250985153441,1605173.0,,1.6328066215199395,84000005.0,USA,53190.101146396526,
California,US,2020-11-24 05:30:26,36.1162,-119.6816,1128219,18753,,1109466.0,6.0,2855.3670594539813,22457544.0,,1.662177290047411,84000006.0,USA,56836.95397244544,
Colorado,US,2020-11-24 05:30:26,39.0598,-105.3111,202289,2810,11201.0,188278.0,8.0,3512.732655221563,2901740.0,,1.3891017306922275,84000008.0,USA,50388.48802931755,
Connecticut,US,2020-11-24 05:30:26,41.5978,-72.7554,106740,4871,9800.0,92069.0,9.0,2993.868375813785,3038489.0,,4.5634251452126655,84000009.0,USA,85224.24702415263,
Delaware,US,2020-11-24 05:30:26,39.3185,-75.5071,32211,752,16073.0,15386.0,10.0,3307.8856889348963,687482.0,,2.33460619043184,84000010.0,USA,70600.47403683027,
Florida,US,2020-11-24 05:30:26,27.7663,-81.6868,944745,18085,,926660.0,12.0,4398.7176116366445,11740720.0,,1.9142731636579184,84000012.0,USA,54664.60456238942,
Georgia,US,2020-11-24 05:30:26,33.0406,-83.6431,451056,9215,,441841.0,13.0,4248.262502115626,4139509.0,,2.0429835763186834,84000013.0,USA,38987.88811560018,
Hawaii,US,2020-11-24 05:30:26,21.0943,-157.4983,17596,233,11958.0,5405.0,15.0,1242.767707815396,636113.0,,1.3241645828597408,84000015.0,USA,44927.29568774577,
Idaho,US,2020-11-24 05:30:26,44.2405,-114.4788,93090,866,38025.0,54199.0,16.0,5209.099836883382,453872.0,,0.9302825222902568,84000016.0,USA,25397.6212392946,
Illinois,US,2020-11-24 05:30:26,40.3495,-88.9861,664620,12111,,652509.0,17.0,5244.86575370659,9892981.0,,1.8222442899702085,84000017.0,USA,78070.71296224908,
Indiana,US,2020-11-24 05:30:26,39.8494,-86.2583,300913,5332,169211.0,126370.0,18.0,4469.7446711106695,3939645.0,,1.771940727053999,84000018.0,USA,58519.2638563897,
Iowa,US,2020-11-24 05:30:26,42.0115,-93.2105,214792,2222,116837.0,95733.0,19.0,6807.836276215741,1040373.0,,1.034489180230176,84000019.0,USA,32974.6408162101,
Kansas,US,2020-11-24 05:30:26,38.5266,-96.7265,144792,1456,3189.0,140255.0,20.0,4970.010098465185,784288.0,,0.9309906624675396,84000020.0,USA,26920.819383011923,
Kentucky,US,2020-11-24 05:30:26,37.6681,-84.6701,160232,1792,26611.0,131829.0,21.0,3586.475554500072,2441630.0,,1.1183783513904837,84000021.0,USA,54651.04540999309,
Louisiana,US,2020-11-24 05:30:26,31.1695,-91.8678,221160,6284,185960.0,28916.0,22.0,4757.3628773397995,3262192.0,,2.8413818050280337,84000022.0,USA,70172.86633909782,
Maine,US,2020-11-24 05:30:26,44.6939,-69.3819,10544,177,7986.0,2381.0,23.0,784.4000797493253,825349.0,,1.6786798179059184,84000023.0,USA,61400.21068105329,
Maryland,US,2020-11-24 05:30:26,39.0639,-76.8021,183797,4448,8511.0,170838.0,24.0,3040.137751253788,4171674.0,,2.420061263241511,84000024.0,USA,69002.56050601421,
Massachusetts,US,2020-11-24 05:30:26,42.2302,-71.5301,208623,10531,145682.0,52410.0,25.0,3026.8104344677117,7920042.0,,5.047861453435144,84000025.0,USA,114908.06750464965,
Michigan,US,2020-11-24 05:30:26,43.3266,-84.5361,340964,8940,152267.0,179757.0,26.0,3414.1271873623505,6263536.0,,2.621977686793913,84000026.0,USA,62717.78999138568,
Minnesota,US,2020-11-24 05:30:26,45.6945,-93.9002,276500,3321,227311.0,45868.0,27.0,4902.80216865214,3756777.0,,1.2010849909584087,84000027.0,USA,66613.86771335434,
Mississippi,US,2020-11-24 05:30:26,32.7416,-89.6787,143879,3676,121637.0,18566.0,28.0,4834.4017722230965,1091151.0,,2.5549246241633594,84000028.0,USA,36663.184538139714,
Missouri,US,2020-11-24 05:30:26,38.4561,-92.2884,280645,3580,,277065.0,29.0,4572.680934098127,2942201.0,,1.2756329170304122,84000029.0,USA,47938.66420917687,
Montana,US,2020-11-24 05:30:26,46.9219,-110.4544,56381,614,39450.0,16317.0,30.0,5275.2769985909135,617974.0,,1.0890193504904135,84000030.0,USA,57820.61382251506,
Nebraska,US,2020-11-24 05:30:26,41.1254,-98.2681,115921,934,58057.0,56930.0,31.0,5992.58274366111,1262563.0,,0.8057211376713451,84000031.0,USA,65268.70236268668,
Nevada,US,2020-11-24 05:30:26,38.3135,-117.0554,136227,2023,,134204.0,32.0,4422.730537024748,1536076.0,,1.4850213247006834,84000032.0,USA,49870.07151585829,
New Hampshire,US,2020-11-24 05:30:26,43.4525,-71.5639,18082,512,13226.0,4344.0,33.0,1329.841414830063,770791.0,,2.831545183054972,84000033.0,USA,56687.85499271537,
New Jersey,US,2020-11-24 05:30:26,40.2989,-74.521,309588,16772,41550.0,251266.0,34.0,3485.4917537229,5675266.0,,5.4175226429965,84000034.0,USA,63894.89529046327,
New Mexico,US,2020-11-24 05:30:26,34.8405,-106.2485,84148,1400,29183.0,53565.0,35.0,4013.1074112385895,1464452.0,,1.6637353234776822,84000035.0,USA,69841.26984126984,
New York,US,2020-11-24 05:30:26,42.1657,-74.9481,602120,34339,83307.0,484474.0,36.0,3095.1659698705034,18187840.0,,5.703016010097655,84000036.0,USA,93493.62823598208,
North Carolina,US,2020-11-24 05:30:26,35.6301,-79.8064,339194,5039,293555.0,40600.0,37.0,3234.089276935615,4983768.0,,1.4855805232403876,84000037.0,USA,47518.383720038866,
North Dakota,US,2020-11-24 05:30:26,47.5289,-99.78399999999999,73397,852,62697.0,9848.0,38.0,9631.368576310064,1033394.0,,1.1608103873455318,84000038.0,USA,135604.9770228669,
Ohio,US,2020-11-24 05:30:26,40.3888,-82.7649,363304,6020,230678.0,126606.0,39.0,3108.0579343148747,5683989.0,,1.6570145112632946,84000039.0,USA,48626.404085857765,
Oklahoma,US,2020-11-24 05:30:26,35.5653,-96.9289,177874,1649,142381.0,33844.0,40.0,4495.206055338793,1967519.0,,0.927060728380764,84000040.0,USA,49722.856194801534,
Oregon,US,2020-11-24 05:30:26,44.571999999999996,-122.0709,66333,826,5870.0,59637.0,41.0,1572.7154158734884,1016282.0,,1.2452323881024527,84000041.0,USA,24095.43316712256,
Pennsylvania,US,2020-11-24 05:30:26,40.5908,-77.2098,320158,9846,198072.0,112240.0,42.0,2500.8457670132348,3019571.0,,3.0753565427070386,84000042.0,USA,23586.733280273867,
Rhode Island,US,2020-11-24 05:30:26,41.6809,-71.5118,50573,1309,3436.0,45828.0,44.0,4773.915596288706,1468082.0,,2.588337650524984,84000044.0,USA,138581.84320547953,
South Carolina,US,2020-11-24 05:30:26,33.8569,-80.945,207552,4288,108469.0,94795.0,45.0,4031.1425338443737,2267605.0,,2.065988282454517,84000045.0,USA,44042.16276141965,
South Dakota,US,2020-11-24 05:30:26,44.2998,-99.4388,73848,819,55679.0,17350.0,46.0,8347.623208490502,313297.0,,1.1090347741306468,84000046.0,USA,35414.436522999255,
Tennessee,US,2020-11-24 05:30:26,35.7478,-86.6923,344550,4301,296592.0,43657.0,47.0,5045.2660892810745,4334644.0,,1.248294877376288,84000047.0,USA,63472.44923031687,
Texas,US,2020-11-24 05:30:26,31.0545,-97.5635,1162052,21049,917739.0,221075.0,48.0,4000.095737735992,10123856.0,,1.814783297682571,84000048.0,USA,34914.807382469255,
Utah,US,2020-11-24 05:30:26,40.15,-111.8624,179420,797,117104.0,61519.0,49.0,5596.4551001603895,1735824.0,,0.44420911826998105,84000049.0,USA,54143.69121491922,
Vermont,US,2020-11-24 05:30:26,44.0459,-72.7107,3714,63,2300.0,1351.0,50.0,595.2028000493599,523227.0,,1.6962843295638126,84000050.0,USA,83851.95892876317,
Virginia,US,2020-11-24 05:30:26,37.7693,-78.17,221038,3942,23253.0,193843.0,51.0,2589.625774367089,3161059.0,,1.7834037586297378,84000051.0,USA,37034.17448897952,
Washington,US,2020-11-24 05:30:26,47.4009,-121.4905,147537,2655,,144882.0,53.0,1937.4796205278265,2894367.0,,1.7995485878118709,84000053.0,USA,38009.29310497206,
West Virginia,US,2020-11-24 05:30:26,38.4912,-80.9545,41114,667,26769.0,13678.0,54.0,2294.1198461956524,1038846.0,,1.622318431677774,84000054.0,USA,57966.56189475529,
Wisconsin,US,2020-11-24 05:30:26,44.2685,-89.6165,379693,3158,280358.0,96177.0,55.0,6521.2074537899425,4196070.0,,0.8317245774876019,84000055.0,USA,72067.28320149271,
Wyoming,US,2020-11-24 05:30:26,42.756,-107.3025,29431,202,17452.0,11777.0,56.0,5085.190899839138,161219.0,,0.6863511263633584,84000056.0,USA,27855.98150525521,
Alabama,US,2020-11-30 05:30:26,32.3182,-86.9023,247229,3577,161946.0,81706.0,1.0,5042.212357885742,1579713.0,,1.44683673840852,84000001.0,USA,32218.09905194277,
Alaska,US,2020-11-30 05:30:26,61.3707,-152.4044,32065,121,7165.0,24779.0,2.0,4383.189004094074,1006180.0,,0.37735849056603776,84000002.0,USA,137541.77801775697,
Arizona,US,2020-11-30 05:30:26,33.7298,-111.4312,325995,6634,51911.0,267450.0,4.0,4478.742613567748,2236325.0,,2.0350005368180493,84000004.0,USA,30724.164711995265,
Arkansas,US,2020-11-30 05:30:26,34.9697,-92.3731,156247,2470,136872.0,16905.0,5.0,5177.506557748615,1675828.0,,1.5808303519427571,84000005.0,USA,55531.37314418034,
California,US,2020-11-30 05:30:26,36.1162,-119.6816,1215455,19151,,1196304.0,6.0,3076.149372815597,23807501.0,,1.5756239432969543,84000006.0,USA,60253.509401381954,
Colorado,US,2020-11-30 05:30:26,39.0598,-105.3111,228772,3003,12345.0,213424.0,8.0,3972.607877839859,3175126.0,,1.312660640288147,84000008.0,USA,55135.81452596542,
Connecticut,US,2020-11-30 05:30:26,41.5978,-72.7554,112581,4961,9800.0,97820.0,9.0,3157.6981039675065,3154617.0,,4.406605022161823,84000009.0,USA,88481.43221008574,
Delaware,US,2020-11-30 05:30:26,39.3185,-75.5071,35251,770,17279.0,17202.0,10.0,3620.0763223943377,729464.0,,2.1843351961646484,84000010.0,USA,74911.78560719025,
Florida,US,2020-11-30 05:30:26,27.7663,-81.6868,992660,18500,,974160.0,12.0,4621.809085379898,12356348.0,,1.863679406846252,84000012.0,USA,57530.958685265585,
Georgia,US,2020-11-30 05:30:26,33.0406,-83.6431,469516,9442,,460074.0,13.0,4422.127666948939,4302927.0,,2.011007079630939,84000013.0,USA,40527.03749299618,
Hawaii,US,2020-11-30 05:30:26,21.0943,-157.4983,18138,244,11958.0,5936.0,15.0,1281.0480043393752,665237.0,,1.3452420333002535,84000015.0,USA,46984.261289156086,
Idaho,US,2020-11-30 05:30:26,44.2405,-114.4788,100484,920,40120.0,59444.0,16.0,5622.850875597698,471144.0,,0.9155686477449146,84000016.0,USA,26364.12217798457,
Illinois,US,2020-11-30 05:30:26,40.3495,-88.9861,720114,12882,,707232.0,17.0,5682.798076140753,10431018.0,,1.788883426790758,84000017.0,USA,82316.64572913396,
Indiana,US,2020-11-30 05:30:26,39.8494,-86.2583,333312,5685,191290.0,136337.0,18.0,4950.997583411949,4222028.0,,1.705609158986175,84000018.0,USA,62713.76495624992,
Iowa,US,2020-11-30 05:30:26,42.0115,-93.2105,228690,2399,131098.0,95193.0,19.0,7248.333634436003,1067985.0,,1.0490183217455944,84000019.0,USA,33849.80364936436,
Kansas,US,2020-11-30 05:30:26,38.5266,-96.7265,155500,1529,3352.0,150619.0,20.0,5337.564025024422,812424.0,,0.9832797427652732,84000020.0,USA,27886.592382420844,
Kentucky,US,2020-11-30 05:30:26,37.6681,-84.6701,176925,1896,27998.0,147031.0,21.0,3960.115254630319,2548528.0,,1.0716405256464605,84000021.0,USA,57043.74514428429,
Louisiana,US,2020-11-30 05:30:26,31.1695,-91.8678,232245,6407,192488.0,33350.0,22.0,4995.81181700028,3402706.0,,2.7587246227044715,84000022.0,USA,73195.45671414994,
Maine,US,2020-11-30 05:30:26,44.6939,-69.3819,11508,191,8952.0,2365.0,23.0,856.1149580572113,841571.0,,1.6597149808828642,84000023.0,USA,62607.014369757155,
Maryland,US,2020-11-30 05:30:26,39.0639,-76.8021,196447,4625,8607.0,183215.0,24.0,3249.3780683066248,4402399.0,,2.3543245760943154,84000024.0,USA,72818.92194095619,
Massachusetts,US,2020-11-30 05:30:26,42.2302,-71.5301,224964,10722,155473.0,58769.0,25.0,3263.894118000384,8371390.0,,4.766095908678722,84000025.0,USA,121456.45783541915,
Michigan,US,2020-11-30 05:30:26,43.3266,-84.5361,378152,9467,165269.0,203416.0,26.0,3786.496592471485,6574441.0,,2.5034906598404882,84000026.0,USA,65830.93159339321,
Minnesota,US,2020-11-30 05:30:26,45.6945,-93.9002,312969,3637,265223.0,44109.0,27.0,5549.457836965249,4116741.0,,1.1620959264336084,84000027.0,USA,72996.62460245633,
Mississippi,US,2020-11-30 05:30:26,32.7416,-89.6787,151785,3806,121637.0,26342.0,28.0,5100.047074256026,1099057.0,,2.5074941529136607,84000028.0,USA,36928.82984017265,
Missouri,US,2020-11-30 05:30:26,38.4561,-92.2884,302409,3850,,298559.0,29.0,4927.292018741401,3058509.0,,1.2731102579618994,84000029.0,USA,49833.72513697921,
Montana,US,2020-11-30 05:30:26,46.9219,-110.4544,61801,671,44100.0,17030.0,30.0,5782.398215532131,650223.0,,1.0857429491432178,84000030.0,USA,60837.985063315304,
Nebraska,US,2020-11-30 05:30:26,41.1254,-98.2681,126466,989,62686.0,62791.0,31.0,6537.710762155657,1348226.0,,0.7820283712618411,84000031.0,USA,69697.0856199933,
Nevada,US,2020-11-30 05:30:26,38.3135,-117.0554,150527,2136,,148391.0,32.0,4886.992736731516,1627306.0,,1.4190145289549383,84000032.0,USA,52831.9344864351,
New Hampshire,US,2020-11-30 05:30:26,43.4525,-71.5639,20516,526,14999.0,4991.0,33.0,1508.8500423987155,810663.0,,2.5638526028465587,84000033.0,USA,59620.24283101336,
New Jersey,US,2020-11-30 05:30:26,40.2989,-74.521,334114,16978,43504.0,273632.0,34.0,3761.6173488745453,5947423.0,,5.081499129039789,84000034.0,USA,66958.97070429703,
New Mexico,US,2020-11-30 05:30:26,34.8405,-106.2485,95417,1540,32050.0,61827.0,35.0,4550.537979014979,1547171.0,,1.6139681608099186,84000035.0,USA,73786.22672616603,
New York,US,2020-11-30 05:30:26,42.1657,-74.9481,641161,34561,85287.0,521313.0,36.0,3295.8541626389124,19272524.0,,5.390377767830545,84000036.0,USA,99069.38888977704,
North Carolina,US,2020-11-30 05:30:26,35.6301,-79.8064,361778,5240,293555.0,62983.0,37.0,3449.4193601042853,5286488.0,,1.4484020587210942,84000037.0,USA,50404.706903567894,
North Dakota,US,2020-11-30 05:30:26,47.5289,-99.78399999999999,78658,926,70901.0,6831.0,38.0,10321.732352485755,1081000.0,,1.1772483409189147,84000038.0,USA,141851.97529859777,
Ohio,US,2020-11-30 05:30:26,40.3888,-82.7649,414432,6399,266341.0,141692.0,39.0,3545.456878630519,6083485.0,,1.5440410006949268,84000039.0,USA,52044.083804570066,
Oklahoma,US,2020-11-30 05:30:26,35.5653,-96.9289,195545,1736,161955.0,31854.0,40.0,4941.7850168727555,2069013.0,,0.887775192410954,84000040.0,USA,52287.79791411158,
Oregon,US,2020-11-30 05:30:26,44.571999999999996,-122.0709,74119,905,5870.0,67344.0,41.0,1757.316779116384,1042806.0,,1.2210094577638662,84000041.0,USA,24724.30120702168,
Pennsylvania,US,2020-11-30 05:30:26,40.5908,-77.2098,360944,10297,214516.0,136131.0,42.0,2819.436885940145,3176073.0,,2.8527971098009663,84000042.0,USA,24809.215193045395,
Rhode Island,US,2020-11-30 05:30:26,41.6809,-71.5118,53954,1346,3619.0,48989.0,44.0,5093.070256503685,1519021.0,,2.4947177225043555,84000044.0,USA,143390.30793091306,
South Carolina,US,2020-11-30 05:30:26,33.8569,-80.945,216129,4353,113704.0,98072.0,45.0,4197.727820966556,2386587.0,,2.0140749274738696,84000045.0,USA,46353.06991221498,
South Dakota,US,2020-11-30 05:30:26,44.2998,-99.4388,79900,943,62027.0,16930.0,46.0,9031.728609554642,327744.0,,1.1802252816020025,84000046.0,USA,37047.49513654414,
Tennessee,US,2020-11-30 05:30:26,35.7478,-86.6923,366518,4554,325993.0,35971.0,47.0,5366.9448164595005,4489451.0,,1.242503778804861,84000047.0,USA,65739.2973147265,
Texas,US,2020-11-30 05:30:26,31.0545,-97.5635,1225118,21843,954465.0,248810.0,48.0,4225.144943862889,10703677.0,,1.7829302973264616,84000048.0,USA,36914.474162726765,
Utah,US,2020-11-30 05:30:26,40.15,-111.8624,193809,868,132081.0,60860.0,49.0,6045.275702301778,1817032.0,,0.4478636183046195,84000049.0,USA,56676.72502259856,
Vermont,US,2020-11-30 05:30:26,44.0459,-72.7107,4100,67,2494.0,1539.0,50.0,657.0628648902465,550991.0,,1.6341463414634143,84000050.0,USA,88301.3963387175,
Virginia,US,2020-11-30 05:30:26,37.7693,-78.17,235942,4058,24062.0,207822.0,51.0,2764.2373006257726,3309343.0,,1.7199142162056775,84000051.0,USA,38771.43264516194,
Washington,US,2020-11-30 05:30:26,47.4009,-121.4905,162700,2703,,159997.0,53.0,2136.6025760309435,2894367.0,,1.661339889366933,84000053.0,USA,38009.29310497206,
West Virginia,US,2020-11-30 05:30:26,38.4912,-80.9545,46997,729,29898.0,16370.0,54.0,2622.385328882061,1129226.0,,1.5511628401812882,84000054.0,USA,63009.67498759867,
Wisconsin,US,2020-11-30 05:30:26,44.2685,-89.6165,409054,3487,311438.0,94129.0,55.0,7025.481096050207,4398150.0,,0.852454688134085,84000055.0,USA,75537.99665225919,
Wyoming,US,2020-11-30 05:30:26,42.756,-107.3025,32489,215,23022.0,9252.0,56.0,5613.5628128461085,393376.0,,0.6617624426729046,84000056.0,USA,67968.87823774663,
Alabama,US,2020-11-29 05:30:26,32.3182,-86.9023,244993,3572,161946.0,79475.0,1.0,4996.609346781735,1573902.0,,1.4580008408403506,84000001.0,USA,32099.584249829448,
Alaska,US,2020-11-29 05:30:26,61.3707,-152.4044,31444,121,7165.0,24158.0,2.0,4298.300172921693,999054.0,,0.3848110927362931,84000002.0,USA,136567.67526262908,
Arizona,US,2020-11-29 05:30:26,33.7298,-111.4312,322774,6624,51333.0,264817.0,4.0,4434.4903092124605,2217884.0,,2.0522099053827136,84000004.0,USA,30470.80962208037,
Arkansas,US,2020-11-29 05:30:26,34.9697,-92.3731,155026,2449,134312.0,18265.0,5.0,5137.04667367397,1655994.0,,1.5797350121915033,84000005.0,USA,54874.140268884265,
California,US,2020-11-29 05:30:26,36.1162,-119.6816,1200624,19116,,1181508.0,6.0,3038.6141523852,23573182.0,,1.5921720705233278,84000006.0,USA,59660.48025189572,
Colorado,US,2020-11-29 05:30:26,39.0598,-105.3111,225283,2983,12153.0,210147.0,8.0,3912.0216658655654,3143227.0,,1.324112338702876,84000008.0,USA,54581.890887166905,
Connecticut,US,2020-11-29 05:30:26,41.5978,-72.7554,112581,4961,9800.0,97820.0,9.0,3157.6981039675065,3154617.0,,4.406605022161823,84000009.0,USA,88481.43221008574,
Delaware,US,2020-11-29 05:30:26,39.3185,-75.5071,34670,763,17082.0,16825.0,10.0,3560.4109414601485,720190.0,,2.200749927891549,84000010.0,USA,73959.3987865643,
Florida,US,2020-11-29 05:30:26,27.7663,-81.6868,985297,18442,,966855.0,12.0,4587.527075129005,12271258.0,,1.8717198976552247,84000012.0,USA,57134.78100602497,
Georgia,US,2020-11-29 05:30:26,33.0406,-83.6431,467564,9424,,458140.0,13.0,4403.742791447605,4289024.0,,2.015552951039857,84000013.0,USA,40396.092347455684,
Hawaii,US,2020-11-29 05:30:26,21.0943,-157.4983,18082,240,11958.0,5884.0,15.0,1277.0928445509198,659720.0,,1.327286804557018,84000015.0,USA,46594.60742213985,
Idaho,US,2020-11-29 05:30:26,44.2405,-114.4788,99660,913,39900.0,58847.0,16.0,5576.74175253838,468895.0,,0.9161147902869756,84000016.0,USA,26238.273370022915,
Illinois,US,2020-11-29 05:30:26,40.3495,-88.9861,712936,12838,,700098.0,17.0,5626.152705282058,10368278.0,,1.8007226455109575,84000017.0,USA,81821.53141209933,
Indiana,US,2020-11-29 05:30:26,39.8494,-86.2583,329008,5663,189640.0,133705.0,18.0,4887.066211007099,4183401.0,,1.7212347420123524,84000018.0,USA,62140.00168443718,
Iowa,US,2020-11-29 05:30:26,42.0115,-93.2105,227179,2375,130008.0,94796.0,19.0,7200.442462449328,1063681.0,,1.045431135800404,84000019.0,USA,33713.3882924943,
Kansas,US,2020-11-29 05:30:26,38.5266,-96.7265,155500,1529,3352.0,150619.0,20.0,5337.564025024422,812424.0,,0.9832797427652732,84000020.0,USA,27886.592382420844,
Kentucky,US,2020-11-29 05:30:26,37.6681,-84.6701,174182,1885,27998.0,144299.0,21.0,3898.718639434891,2548528.0,,1.082201375572677,84000021.0,USA,57043.74514428429,
Louisiana,US,2020-11-29 05:30:26,31.1695,-91.8678,230602,6391,192488.0,31723.0,22.0,4960.469317418669,3378743.0,,2.7714417047553788,84000022.0,USA,72679.98969195019,
Maine,US,2020-11-29 05:30:26,44.6939,-69.3819,11288,191,8822.0,2275.0,23.0,839.7484920533368,841351.0,,1.6920623671155208,84000023.0,USA,62590.64790375327,
Maryland,US,2020-11-29 05:30:26,39.0639,-76.8021,194448,4602,8599.0,181247.0,24.0,3216.3131359913195,4363150.0,,2.366699580350531,84000024.0,USA,72169.71457305051,
Massachusetts,US,2020-11-29 05:30:26,42.2302,-71.5301,222469,10676,155473.0,56320.0,25.0,3227.695366980617,8322705.0,,4.798870853916727,84000025.0,USA,120750.1106637168,
Michigan,US,2020-11-29 05:30:26,43.3266,-84.5361,378152,9467,165269.0,203416.0,26.0,3786.496592471485,6574441.0,,2.5034906598404882,84000026.0,USA,65830.93159339321,
Minnesota,US,2020-11-29 05:30:26,45.6945,-93.9002,304023,3580,257485.0,42958.0,27.0,5390.8304655339225,4027255.0,,1.1775424885617207,84000027.0,USA,71409.88986515433,
Mississippi,US,2020-11-29 05:30:26,32.7416,-89.6787,149940,3779,121637.0,24524.0,28.0,5038.054210323475,1097212.0,,2.520341469921302,84000028.0,USA,36866.8369762401,
Missouri,US,2020-11-29 05:30:26,38.4561,-92.2884,299095,3844,,295251.0,29.0,4873.295458618823,3042148.0,,1.2852103846603922,84000029.0,USA,49567.147671630526,
Montana,US,2020-11-29 05:30:26,46.9219,-110.4544,60845,669,44100.0,16076.0,30.0,5692.950266566116,645393.0,,1.0995151614758814,84000030.0,USA,60386.067078476524,
Nebraska,US,2020-11-29 05:30:26,41.1254,-98.2681,125323,989,61605.0,62729.0,31.0,6478.622917192238,1339345.0,,0.7891608084709112,84000031.0,USA,69237.97875112179,
Nevada,US,2020-11-29 05:30:26,38.3135,-117.0554,149229,2119,,147110.0,32.0,4844.852013988902,1622816.0,,1.4199652882482627,84000032.0,USA,52686.16264890479,
New Hampshire,US,2020-11-29 05:30:26,43.4525,-71.5639,20025,523,14642.0,4860.0,33.0,1472.7394277166254,785563.0,,2.6117353308364546,84000033.0,USA,57774.26232486168,
New Jersey,US,2020-11-29 05:30:26,40.2989,-74.521,329553,16965,43167.0,269421.0,34.0,3710.267400269528,5943584.0,,5.147882131250512,84000034.0,USA,66915.74938162773,
New Mexico,US,2020-11-29 05:30:26,34.8405,-106.2485,93982,1527,31482.0,60973.0,35.0,4482.101306305855,1536202.0,,1.624779213040795,84000035.0,USA,73263.10347672603,
New York,US,2020-11-29 05:30:26,42.1657,-74.9481,634438,34514,84938.0,514986.0,36.0,3261.2949372096973,19115204.0,,5.4400902846298616,84000036.0,USA,98260.69376192873,
North Carolina,US,2020-11-29 05:30:26,35.6301,-79.8064,357958,5219,293555.0,59184.0,37.0,3412.9970736313708,5244854.0,,1.4579922784237256,84000037.0,USA,50007.74211953299,
North Dakota,US,2020-11-29 05:30:26,47.5289,-99.78399999999999,77935,921,69669.0,7345.0,38.0,10226.85818214266,1072080.0,,1.1817540257907229,84000038.0,USA,140681.46686227628,
Ohio,US,2020-11-29 05:30:26,40.3888,-82.7649,406703,6378,261353.0,138972.0,39.0,3479.3354492646995,6028709.0,,1.5682205442300647,84000039.0,USA,51575.476298431866,
Oklahoma,US,2020-11-29 05:30:26,35.5653,-96.9289,193824,1717,159894.0,32213.0,40.0,4898.292153265717,2067292.0,,0.8858552088492653,84000040.0,USA,52244.30505050454,
Oregon,US,2020-11-29 05:30:26,44.571999999999996,-122.0709,72506,896,5870.0,65740.0,41.0,1719.0735221280984,1033150.0,,1.2357597991890326,84000041.0,USA,24495.363271820883,
Pennsylvania,US,2020-11-29 05:30:26,40.5908,-77.2098,355945,10234,214516.0,131195.0,42.0,2780.3882662295678,3156131.0,,2.8751632977004875,84000042.0,USA,24653.442523657846,
Rhode Island,US,2020-11-29 05:30:26,41.6809,-71.5118,53954,1346,3619.0,48989.0,44.0,5093.070256503685,1519021.0,,2.4947177225043555,84000044.0,USA,143390.30793091306,
South Carolina,US,2020-11-29 05:30:26,33.8569,-80.945,214911,4346,112978.0,97587.0,45.0,4174.071428321713,2370233.0,,2.022232459017919,84000045.0,USA,46035.43719849267,
South Dakota,US,2020-11-29 05:30:26,44.2998,-99.4388,79099,942,61051.0,17106.0,46.0,8941.185247649095,325376.0,,1.190912653763006,84000046.0,USA,36779.82137750252,
Tennessee,US,2020-11-29 05:30:26,35.7478,-86.6923,363466,4541,323376.0,35549.0,47.0,5322.254199409766,4470321.0,,1.2493603253124088,84000047.0,USA,65459.17558990298,
Texas,US,2020-11-29 05:30:26,31.0545,-97.5635,1213577,21788,950586.0,241203.0,48.0,4185.34273885315,10636849.0,,1.7953537352800852,84000048.0,USA,36684.00004814477,
Utah,US,2020-11-29 05:30:26,40.15,-111.8624,192087,863,129652.0,61572.0,49.0,5991.563208251637,1808085.0,,0.44927558866555256,84000049.0,USA,56397.650873779385,
Vermont,US,2020-11-29 05:30:26,44.0459,-72.7107,4033,67,2474.0,1492.0,50.0,646.3254961225279,547492.0,,1.6612943218447809,84000050.0,USA,87740.64927426605,
Virginia,US,2020-11-29 05:30:26,37.7693,-78.17,233617,4054,23957.0,205606.0,51.0,2736.9981837073997,3295208.0,,1.7353189194279526,84000051.0,USA,38605.83053004744,
Washington,US,2020-11-29 05:30:26,47.4009,-121.4905,160634,2703,,157931.0,53.0,2109.4715316420074,2894367.0,,1.6827072724329843,84000053.0,USA,38009.29310497206,
West Virginia,US,2020-11-29 05:30:26,38.4912,-80.9545,45845,718,29396.0,15731.0,54.0,2558.104887601296,1115015.0,,1.5661467989966191,84000054.0,USA,62216.71548148673,
Wisconsin,US,2020-11-29 05:30:26,44.2685,-89.6165,404999,3464,306770.0,94765.0,55.0,6955.836682734402,4373089.0,,0.8553107538537132,84000055.0,USA,75107.57528552492,
Wyoming,US,2020-11-29 05:30:26,42.756,-107.3025,31928,215,22798.0,8915.0,56.0,5516.631274848426,393376.0,,0.6733901277875219,84000056.0,USA,67968.87823774663,
Alabama,US,2020-12-02 05:30:41,32.3182,-86.9023,252900,3638,161946.0,87316.0,1.0,5157.871873078418,1593842.0,,1.4385132463424284,84000001.0,USA,32506.258686955516,
Alaska,US,2020-12-02 05:30:41,61.3707,-152.4044,32561,122,7165.0,25274.0,2.0,4450.990711439487,1018628.0,,0.3746813672798747,84000002.0,USA,139243.3821569418,
Arizona,US,2020-12-02 05:30:41,33.7298,-111.4312,337139,6687,53026.0,277426.0,4.0,4631.846519104946,2271914.0,,1.9834548954585496,84000004.0,USA,31213.110772131957,
Arkansas,US,2020-12-02 05:30:41,34.9697,-92.3731,159309,2512,140682.0,16115.0,5.0,5278.971066378068,1691453.0,,1.5768098475290158,84000005.0,USA,56049.133740958656,
California,US,2020-12-02 05:30:41,36.1162,-119.6816,1246042,19304,,1226738.0,6.0,3153.560861407368,24161313.0,,1.5492254675203565,84000006.0,USA,61148.95889304938,
Colorado,US,2020-12-02 05:30:41,39.0598,-105.3111,237310,3109,12779.0,221422.0,8.0,4120.869579713326,3255541.0,,1.3101007121486663,84000008.0,USA,56532.214708227635,
Connecticut,US,2020-12-02 05:30:41,41.5978,-72.7554,118754,5040,9800.0,103914.0,9.0,3330.8398454317985,3286210.0,,4.244067568250332,84000009.0,USA,92172.38331724767,
Delaware,US,2020-12-02 05:30:41,39.3185,-75.5071,36343,777,17713.0,17853.0,10.0,3732.218484150165,744188.0,,2.1379632941694413,84000010.0,USA,76423.8562937221,
Florida,US,2020-12-02 05:30:41,27.7663,-81.6868,1008166,18679,,989487.0,12.0,4694.004773407924,12517482.0,,1.852770277910582,84000012.0,USA,58281.19601241043,
Georgia,US,2020-12-02 05:30:41,33.0406,-83.6431,476405,9515,,466890.0,13.0,4487.011584637817,4338967.0,,1.997250238767436,84000013.0,USA,40866.47955911712,
Hawaii,US,2020-12-02 05:30:41,21.0943,-157.4983,18266,244,11958.0,6064.0,15.0,1290.0883695701307,673164.0,,1.3358151757363408,84000015.0,USA,47544.12828278261,
Idaho,US,2020-12-02 05:30:41,44.2405,-114.4788,103305,960,40929.0,61416.0,16.0,5780.707472867523,474676.0,,0.9292870625816756,84000016.0,USA,26561.76468119514,
Illinois,US,2020-12-02 05:30:41,40.3495,-88.9861,738846,13131,,725715.0,17.0,5830.622133945863,10614079.0,,1.7772309791214949,84000017.0,USA,83761.27629959419,
Indiana,US,2020-12-02 05:30:41,39.8494,-86.2583,344373,5864,203214.0,135295.0,18.0,5115.2970513882565,4295987.0,,1.70280480757783,84000018.0,USA,63812.34775636384,
Iowa,US,2020-12-02 05:30:41,42.0115,-93.2105,233062,2449,137431.0,93182.0,19.0,7386.904252520546,1072992.0,,1.0507933511254517,84000019.0,USA,34008.50060379009,
Kansas,US,2020-12-02 05:30:41,38.5266,-96.7265,160233,1560,3403.0,155270.0,20.0,5500.025057374522,822884.0,,0.9735822208908276,84000020.0,USA,28245.633666676506,
Kentucky,US,2020-12-02 05:30:41,37.6681,-84.6701,183164,1943,28486.0,152735.0,21.0,4099.7628967026,2608252.0,,1.0607979734008866,84000021.0,USA,58380.548442108455,
Louisiana,US,2020-12-02 05:30:41,31.1695,-91.8678,237740,6455,192488.0,38797.0,22.0,5114.014516453084,3454451.0,,2.715151005299908,84000022.0,USA,74308.54109689522,
Maine,US,2020-12-02 05:30:41,44.6939,-69.3819,11981,214,9364.0,2403.0,23.0,891.3028599655412,881709.0,,1.7861614222518991,84000023.0,USA,65593.00169913674,
Maryland,US,2020-12-02 05:30:41,39.0639,-76.8021,201135,4673,8613.0,187849.0,24.0,3326.9210411401195,4460445.0,,2.323315186317648,84000024.0,USA,73779.04553333951,
Massachusetts,US,2020-12-02 05:30:41,42.2302,-71.5301,229205,10778,155473.0,62954.0,25.0,3325.4247404752673,8460417.0,,4.702340699373923,84000025.0,USA,122748.10761779865,
Michigan,US,2020-12-02 05:30:41,43.3266,-84.5361,395453,9759,165269.0,220425.0,26.0,3959.7342787625776,6716589.0,,2.467802747734876,84000026.0,USA,67254.28230323113,
Minnesota,US,2020-12-02 05:30:41,45.6945,-93.9002,322312,3674,279540.0,39098.0,27.0,5715.1246748014755,4179928.0,,1.1398892998088808,84000027.0,USA,74117.03458665387,
Mississippi,US,2020-12-02 05:30:41,32.7416,-89.6787,154411,3836,128746.0,21829.0,28.0,5188.281903896614,1136806.0,,2.4842789697625167,84000028.0,USA,38197.21391637314,
Missouri,US,2020-12-02 05:30:41,38.4561,-92.2884,309169,4026,,305143.0,29.0,5037.43587704817,3089100.0,,1.3022004146599433,84000029.0,USA,50332.15868275767,
Montana,US,2020-12-02 05:30:41,46.9219,-110.4544,63205,698,46350.0,16157.0,30.0,5913.763194975943,660895.0,,1.10434301083775,84000030.0,USA,61836.508610768564,
Nebraska,US,2020-12-02 05:30:41,41.1254,-98.2681,130194,1080,64485.0,64629.0,31.0,6730.431222368808,1370335.0,,0.8295313148071339,84000031.0,USA,70840.01927204602,
Nevada,US,2020-12-02 05:30:41,38.3135,-117.0554,154842,2164,,152678.0,32.0,5027.0830438458315,1653858.0,,1.397553635318583,84000032.0,USA,53693.96874703749,
New Hampshire,US,2020-12-02 05:30:41,43.4525,-71.5639,21802,528,16216.0,5058.0,33.0,1603.4289639489566,825100.0,,2.4217961654894045,84000033.0,USA,60682.01257473095,
New Jersey,US,2020-12-02 05:30:41,40.2989,-74.521,341910,17083,44013.0,280814.0,34.0,3849.3884954048494,6091102.0,,4.996344067152174,84000034.0,USA,68576.57852399015,
New Mexico,US,2020-12-02 05:30:41,34.8405,-106.2485,99419,1589,33458.0,64372.0,35.0,4741.397605622586,1579759.0,,1.5982860419034592,84000035.0,USA,75340.3830259883,
New York,US,2020-12-02 05:30:41,42.1657,-74.9481,655265,34662,85808.0,534795.0,36.0,3368.3550276476367,19568173.0,,5.2897682616956505,84000036.0,USA,100589.15691579552,
North Carolina,US,2020-12-02 05:30:41,35.6301,-79.8064,367395,5284,315979.0,46132.0,37.0,3502.9753766274184,5344037.0,,1.4382340532669198,84000037.0,USA,50953.415323523346,
North Dakota,US,2020-12-02 05:30:41,47.5289,-99.78399999999999,79655,960,73015.0,5680.0,38.0,10452.561602599264,1091144.0,,1.2051974138472157,84000038.0,USA,143183.10058761624,
Ohio,US,2020-12-02 05:30:41,40.3888,-82.7649,430093,6548,280716.0,142829.0,39.0,3679.4363980118233,6182931.0,,1.5224614211344991,84000039.0,USA,52894.84220342028,
Oklahoma,US,2020-12-02 05:30:41,35.5653,-96.9289,199482,1758,167406.0,30318.0,40.0,5041.280312643181,2122950.0,,0.8812825217312841,84000040.0,USA,53650.88599335199,
Oregon,US,2020-12-02 05:30:41,44.571999999999996,-122.0709,76654,936,5870.0,69848.0,41.0,1817.420099925624,1042082.0,,1.221071307433402,84000041.0,USA,24707.135603760973,
Pennsylvania,US,2020-12-02 05:30:41,40.5908,-77.2098,372530,10504,220284.0,141742.0,42.0,2909.9384478458783,3203585.0,,2.8196386868171692,84000042.0,USA,25024.11929896206,
Rhode Island,US,2020-12-02 05:30:41,41.6809,-71.5118,57906,1380,3777.0,52749.0,44.0,5466.125334045712,1561914.0,,2.3831727282146926,84000044.0,USA,147439.25819432654,
South Carolina,US,2020-12-02 05:30:41,33.8569,-80.945,218912,4404,115152.0,99356.0,45.0,4251.780153257687,2417026.0,,2.011767285484578,84000045.0,USA,46944.26608275386,
South Dakota,US,2020-12-02 05:30:41,44.2998,-99.4388,80912,948,65876.0,14088.0,46.0,9146.122969415335,330533.0,,1.171643266758948,84000046.0,USA,37362.75785359104,
Tennessee,US,2020-12-02 05:30:41,35.7478,-86.6923,380186,4638,336131.0,39417.0,47.0,5567.086151268074,4582233.0,,1.2199291925531188,84000047.0,USA,67097.9096447096,
Texas,US,2020-12-02 05:30:41,31.0545,-97.5635,1250934,22114,976517.0,252303.0,48.0,4314.178279321811,10777898.0,,1.7677991005120974,84000048.0,USA,37170.44500217117,
Utah,US,2020-12-02 05:30:41,40.15,-111.8624,198216,890,136709.0,60617.0,49.0,6182.73851372975,1835594.0,,0.4490051257214352,84000049.0,USA,57255.7095258266,
Vermont,US,2020-12-02 05:30:41,44.0459,-72.7107,4239,72,2564.0,1603.0,50.0,679.3388986023792,555633.0,,1.6985138004246283,84000050.0,USA,89045.31970916154,
Virginia,US,2020-12-02 05:30:41,37.7693,-78.17,240063,4093,24393.0,211577.0,51.0,2812.517903129265,3341426.0,,1.7049691122746946,84000051.0,USA,39147.30902713708,
Washington,US,2020-12-02 05:30:41,47.4009,-121.4905,167216,2805,,164411.0,53.0,2195.907414588754,2894367.0,,1.677471055401397,84000053.0,USA,38009.29310497206,
West Virginia,US,2020-12-02 05:30:41,38.4912,-80.9545,48818,758,31139.0,16921.0,54.0,2723.995297260772,1149027.0,,1.552705969109755,84000054.0,USA,64114.550871105996,
Wisconsin,US,2020-12-02 05:30:41,44.2685,-89.6165,416365,3611,319426.0,93328.0,55.0,7151.047139392221,4453101.0,,0.8672679019610198,84000055.0,USA,76481.77720863817,
Wyoming,US,2020-12-02 05:30:41,42.756,-107.3025,33805,239,26003.0,7563.0,56.0,5840.945885938707,419587.0,,0.706996006507913,84000056.0,USA,72497.70629916771,
Alabama,US,2020-11-25 05:30:40,32.3182,-86.9023,236865,3472,90702.0,142691.0,1.0,4830.83954613175,1544865.0,,1.4658138602157351,84000001.0,USA,31507.377347581216,
Alaska,US,2020-11-25 05:30:40,61.3707,-152.4044,28863,116,7165.0,21582.0,2.0,3945.4852401424378,943401.0,,0.40189862453660397,84000002.0,USA,128960.07764389069,
Arizona,US,2020-11-25 05:30:40,33.7298,-111.4312,306868,6515,49234.0,251119.0,4.0,4215.962785749191,2140041.0,,2.123062684932936,84000004.0,USA,29401.34916634346,
Arkansas,US,2020-11-25 05:30:40,34.9697,-92.3731,148312,2405,128831.0,17076.0,5.0,4914.567016280713,1617903.0,,1.6215815308269057,84000005.0,USA,53611.93105980375,
California,US,2020-11-25 05:30:40,36.1162,-119.6816,1145209,18862,,1126347.0,6.0,2898.3664118315996,22741363.0,,1.6470356066010658,84000006.0,USA,57555.26081131907,
Colorado,US,2020-11-25 05:30:40,39.0598,-105.3111,206439,2860,11430.0,192149.0,8.0,3584.7970804704364,2939263.0,,1.3853971391064672,84000008.0,USA,51040.07198801959,
Connecticut,US,2020-11-25 05:30:40,41.5978,-72.7554,107280,4881,9800.0,92599.0,9.0,3009.0144215598907,3051730.0,,4.549776286353468,84000009.0,USA,85595.63367549372,
Delaware,US,2020-11-25 05:30:40,39.3185,-75.5071,32664,757,16262.0,15645.0,10.0,3354.4062010918456,693009.0,,2.317536125397992,84000010.0,USA,71168.06536286,
Florida,US,2020-11-25 05:30:40,27.7663,-81.6868,953300,18157,,935143.0,12.0,4438.549554825073,11842707.0,,1.9046470156299171,84000012.0,USA,55139.45440341316,
Georgia,US,2020-11-25 05:30:40,33.0406,-83.6431,454732,9221,,445511.0,13.0,4282.884839381458,4173943.0,,2.0277877958885675,84000013.0,USA,39312.20410075025,
Hawaii,US,2020-11-25 05:30:40,21.0943,-157.4983,17656,233,11958.0,5465.0,15.0,1247.0053790173124,639725.0,,1.3196647032170368,84000015.0,USA,45182.40349410116,
Idaho,US,2020-11-25 05:30:40,44.2405,-114.4788,94730,874,38397.0,55459.0,16.0,5300.870421613092,457108.0,,0.9226221893803441,84000016.0,USA,25578.700271114933,
Illinois,US,2020-11-25 05:30:40,40.3495,-88.9861,674089,12261,,661828.0,17.0,5319.590609747407,9990304.0,,1.81889928481254,84000017.0,USA,78838.73990959942,
Indiana,US,2020-11-25 05:30:40,39.8494,-86.2583,306538,5435,173231.0,127872.0,18.0,4553.298102750371,3976683.0,,1.7730265089483197,84000018.0,USA,59069.4242121357,
Iowa,US,2020-11-25 05:30:40,42.0115,-93.2105,217784,2270,119713.0,95801.0,19.0,6902.667769653289,1044789.0,,1.0423171582852735,84000019.0,USA,33114.60601508049,
Kansas,US,2020-11-25 05:30:40,38.5266,-96.7265,145129,1456,3189.0,140484.0,20.0,4981.577680950286,784288.0,,1.0032453885853276,84000020.0,USA,26920.819383011923,
Kentucky,US,2020-11-25 05:30:40,37.6681,-84.6701,162838,1809,26951.0,134078.0,21.0,3644.8056963882536,2470357.0,,1.1109200555152974,84000021.0,USA,55294.04233479039,
Louisiana,US,2020-11-25 05:30:40,31.1695,-91.8678,224403,6323,185960.0,32120.0,22.0,4827.122905424504,3296384.0,,2.8176985156169927,84000022.0,USA,70908.3689232089,
Maine,US,2020-11-25 05:30:40,44.6939,-69.3819,10799,189,8232.0,2378.0,23.0,803.3703017083615,833554.0,,1.7501620520418557,84000023.0,USA,62010.605469970506,
Maryland,US,2020-11-25 05:30:40,39.0639,-76.8021,185464,4481,8517.0,172466.0,24.0,3067.7111590424897,4200836.0,,2.4161023163525,84000024.0,USA,69484.92146458298,
Massachusetts,US,2020-11-25 05:30:40,42.2302,-71.5301,211199,10551,145682.0,54966.0,25.0,3064.1843754003444,8000861.0,,4.9957622905411485,84000025.0,USA,116080.63137585865,
Michigan,US,2020-11-25 05:30:40,43.3266,-84.5361,347746,9094,152267.0,186385.0,26.0,3482.036440493741,6334377.0,,2.6151271330223778,84000026.0,USA,63427.13227995555,
Minnesota,US,2020-11-25 05:30:40,45.6945,-93.9002,282916,3359,233847.0,45710.0,27.0,5016.568456948964,3809976.0,,1.1872782027174145,84000027.0,USA,67557.17394326438,
Mississippi,US,2020-11-25 05:30:40,32.7416,-89.6787,144544,3729,121637.0,19178.0,28.0,4856.746083613421,1091816.0,,2.5798372813814483,84000028.0,USA,36685.52884953005,
Missouri,US,2020-11-25 05:30:40,38.4561,-92.2884,284612,3769,,280843.0,29.0,4637.317130237618,2960516.0,,1.3242589911880034,84000029.0,USA,48237.07911522547,
Montana,US,2020-11-25 05:30:40,46.9219,-110.4544,57504,630,40686.0,16188.0,30.0,5380.350269185929,622796.0,,1.095575959933222,84000030.0,USA,58271.78328895242,
Nebraska,US,2020-11-25 05:30:40,41.1254,-98.2681,115921,934,58686.0,56301.0,31.0,5992.58274366111,1277910.0,,0.8057211376713451,84000031.0,USA,66062.07170359098,
Nevada,US,2020-11-25 05:30:40,38.3135,-117.0554,139098,2047,,137051.0,32.0,4515.9401017351065,1558626.0,,1.4716243224201642,84000032.0,USA,50602.177292318964,
New Hampshire,US,2020-11-25 05:30:40,43.4525,-71.5639,18444,513,13226.0,4705.0,33.0,1356.4647193410954,770791.0,,2.7813923227065707,84000033.0,USA,56687.85499271537,
New Jersey,US,2020-11-25 05:30:40,40.2989,-74.521,313863,16819,41781.0,255263.0,34.0,3533.62177571072,5725579.0,,5.358707461535767,84000034.0,USA,64461.343429942375,
New Mexico,US,2020-11-25 05:30:40,34.8405,-106.2485,86247,1428,29568.0,55251.0,35.0,4113.2109485322835,1477284.0,,1.6557097638178715,84000035.0,USA,70453.24153757888,
New York,US,2020-11-25 05:30:40,42.1657,-74.9481,607001,34362,83701.0,488938.0,36.0,3120.256491857712,18352601.0,,5.66094619283988,84000036.0,USA,94340.57343023214,
North Carolina,US,2020-11-25 05:30:40,35.6301,-79.8064,342294,5074,293555.0,43665.0,37.0,3263.646629832484,5028737.0,,1.4823514288886162,84000037.0,USA,47947.146495012814,
North Dakota,US,2020-11-25 05:30:40,47.5289,-99.78399999999999,74401,889,64611.0,8901.0,38.0,9763.116386855663,1040798.0,,1.1948764129514389,84000038.0,USA,136576.55151418125,
Ohio,US,2020-11-25 05:30:40,40.3888,-82.7649,371840,6100,236618.0,129122.0,39.0,3181.0832313865053,5804292.0,,1.6404905335628228,84000039.0,USA,49655.59367273785,
Oklahoma,US,2020-11-25 05:30:40,35.5653,-96.9289,180610,1664,145686.0,33260.0,40.0,4564.349852450271,2011009.0,,0.9213221859254748,84000040.0,USA,50821.92919786372,
Oregon,US,2020-11-25 05:30:40,44.571999999999996,-122.0709,67333,847,5870.0,60616.0,41.0,1596.424812642419,1024582.0,,1.2579270194406904,84000041.0,USA,24292.22116030468,
Pennsylvania,US,2020-11-25 05:30:40,40.5908,-77.2098,326513,9924,202274.0,114315.0,42.0,2550.486490810139,3044438.0,,3.0393889370407923,84000042.0,USA,23780.976534193243,
Rhode Island,US,2020-11-25 05:30:40,41.6809,-71.5118,51424,1325,3469.0,46630.0,44.0,4854.24704137683,1479845.0,,2.5766179215930305,84000044.0,USA,139692.22956102784,
South Carolina,US,2020-11-25 05:30:40,33.8569,-80.945,209230,4313,109724.0,95193.0,45.0,4063.733196289404,2287492.0,,2.0613678726760023,84000045.0,USA,44428.41455167251,
South Dakota,US,2020-11-25 05:30:40,44.2998,-99.4388,74859,821,57381.0,16657.0,46.0,8461.904530446194,315794.0,,1.096728516277268,84000046.0,USA,35696.692171785966,
Tennessee,US,2020-11-25 05:30:40,35.7478,-86.6923,345916,4372,303234.0,38310.0,47.0,5065.268508314475,4340462.0,,1.2638906555348697,84000047.0,USA,63557.64254945034,
Texas,US,2020-11-25 05:30:40,31.0545,-97.5635,1181533,21245,927331.0,232957.0,48.0,4074.830490578989,10240403.0,,1.798087738556604,84000048.0,USA,35316.750679174045,
Utah,US,2020-11-25 05:30:40,40.15,-111.8624,182121,808,118773.0,62540.0,49.0,5680.704488330789,1753460.0,,0.44366108246715097,84000049.0,USA,54693.791996027394,
Vermont,US,2020-11-25 05:30:40,44.0459,-72.7107,3762,64,2339.0,1359.0,50.0,602.8952433456359,527945.0,,1.7012227538543327,84000050.0,USA,84608.06200109299,
Virginia,US,2020-11-25 05:30:40,37.7693,-78.17,223582,3979,23498.0,196105.0,51.0,2619.4306403629353,3187267.0,,1.7796602588759385,84000051.0,USA,37341.220844332965,
Washington,US,2020-11-25 05:30:40,47.4009,-121.4905,151019,2690,,148329.0,53.0,1983.2058047302828,2894367.0,,1.7812328250087737,84000053.0,USA,38009.29310497206,
West Virginia,US,2020-11-25 05:30:40,38.4912,-80.9545,42083,682,27461.0,13940.0,54.0,2348.189071543796,1053635.0,,1.6206068958962052,84000054.0,USA,58791.773219495946,
Wisconsin,US,2020-11-25 05:30:40,44.2685,-89.6165,386441,3272,284903.0,98266.0,55.0,6637.104001522386,4234962.0,,0.8467010488017576,84000055.0,USA,72735.25127120376,
Wyoming,US,2020-11-25 05:30:40,42.756,-107.3025,29959,202,17896.0,11861.0,56.0,5176.420582660486,161747.0,,0.6742548149137154,84000056.0,USA,27947.21118807656,
Alabama,US,2020-11-26 05:30:40,32.3182,-86.9023,239318,3532,161946.0,73840.0,1.0,4880.8682519627555,1553587.0,,1.4758605704543746,84000001.0,USA,31685.261722737363,
Alaska,US,2020-11-26 05:30:40,61.3707,-152.4044,29543,116,7165.0,22262.0,2.0,4038.4391937611495,954276.0,,0.3926480046034594,84000002.0,USA,130446.65741683696,
Arizona,US,2020-11-26 05:30:40,33.7298,-111.4312,310850,6524,49810.0,254516.0,4.0,4270.670229382458,2157139.0,,2.0987614605115006,84000004.0,USA,29636.253202315736,
Arkansas,US,2020-11-26 05:30:40,34.9697,-92.3731,150277,2425,130818.0,17034.0,5.0,4979.680588931554,1632506.0,,1.6136867251808331,84000005.0,USA,54095.825971467995,
California,US,2020-11-26 05:30:40,36.1162,-119.6816,1160940,18968,,1141972.0,6.0,2938.179408432677,22910351.0,,1.6338484331662273,84000006.0,USA,57982.946188575625,
Colorado,US,2020-11-26 05:30:40,39.0598,-105.3111,210630,2906,11628.0,196096.0,8.0,3657.573467510926,2980399.0,,1.3796705122727058,84000008.0,USA,51754.39540899253,
Connecticut,US,2020-11-26 05:30:40,41.5978,-72.7554,109152,4926,9800.0,94426.0,9.0,3061.5207134797283,3083113.0,,4.5129727352682485,84000009.0,USA,86475.8713674383,
Delaware,US,2020-11-26 05:30:40,39.3185,-75.5071,32995,760,16538.0,15697.0,10.0,3388.398010195489,699643.0,,2.3033792998939235,84000010.0,USA,71849.33926495537,
Florida,US,2020-11-26 05:30:40,27.7663,-81.6868,961676,18254,,943422.0,12.0,4477.548076876069,11949292.0,,1.8981444894122343,84000012.0,USA,55635.712458905706,
Georgia,US,2020-11-26 05:30:40,33.0406,-83.6431,457909,9297,,448612.0,13.0,4312.807354477635,4195929.0,,2.030316067166184,84000013.0,USA,39519.278830654104,
Hawaii,US,2020-11-26 05:30:40,21.0943,-157.4983,17764,235,11958.0,5571.0,15.0,1254.6331871807622,640859.0,,1.3229002476919614,84000015.0,USA,45262.495479817386,
Idaho,US,2020-11-26 05:30:40,44.2405,-114.4788,96503,895,38397.0,57211.0,16.0,5400.083376933688,460021.0,,0.9274323078039024,84000016.0,USA,25741.704974357403,
Illinois,US,2020-11-26 05:30:40,40.3495,-88.9861,685467,12439,,673028.0,17.0,5409.380388185723,10104537.0,,1.81467525059558,84000017.0,USA,79740.2125550858,
Indiana,US,2020-11-26 05:30:40,39.8494,-86.2583,312521,5498,177972.0,129051.0,18.0,4642.169246128208,4038194.0,,1.7592417789524544,84000018.0,USA,59983.105124773865,
Iowa,US,2020-11-26 05:30:40,42.0115,-93.2105,221286,2312,122059.0,96915.0,19.0,7013.663722199508,1050640.0,,1.0448017497717883,84000019.0,USA,33300.05356458019,
Kansas,US,2020-11-26 05:30:40,38.5266,-96.7265,150292,1503,3299.0,145490.0,20.0,5158.798536649328,799185.0,,1.0000532297128255,84000020.0,USA,27432.161449126317,
Kentucky,US,2020-11-26 05:30:40,37.6681,-84.6701,166139,1835,27349.0,136955.0,21.0,3718.6920349810734,2480097.0,,1.1044968369858974,84000021.0,USA,55512.05291882373,
Louisiana,US,2020-11-26 05:30:40,31.1695,-91.8678,225638,6350,192488.0,26800.0,22.0,4853.6889352378275,3310705.0,,2.8142422818851442,84000022.0,USA,71216.42731426687,
Maine,US,2020-11-26 05:30:40,44.6939,-69.3819,11027,190,8592.0,2245.0,23.0,820.3319119305586,841090.0,,1.723043438831958,84000023.0,USA,62571.2313236305,
Maryland,US,2020-11-26 05:30:40,39.0639,-76.8021,188161,4518,8549.0,175094.0,24.0,3112.321525452885,4246351.0,,2.40113519804848,84000024.0,USA,70237.77308756004,
Massachusetts,US,2020-11-26 05:30:40,42.2302,-71.5301,214594,10604,145682.0,58308.0,25.0,3113.440792118625,8130694.0,,4.941424270948861,84000025.0,USA,117964.31572100875,
Michigan,US,2020-11-26 05:30:40,43.3266,-84.5361,352433,9170,152267.0,190996.0,26.0,3528.968122803801,6392563.0,,2.601912987716814,84000026.0,USA,64009.75802497222,
Minnesota,US,2020-11-26 05:30:40,45.6945,-93.9002,289303,3434,240720.0,45149.0,27.0,5129.820527296816,3873062.0,,1.1869908020310884,84000027.0,USA,68675.79303046723,
Mississippi,US,2020-11-26 05:30:40,32.7416,-89.6787,145636,3745,121637.0,20254.0,28.0,4893.43779494911,1092908.0,,2.571479579224917,84000028.0,USA,36722.22056086574,
Missouri,US,2020-11-26 05:30:40,38.4561,-92.2884,289002,3802,,285200.0,29.0,4708.845464256363,2983411.0,,1.3155618300219376,84000029.0,USA,48610.11811462392,
Montana,US,2020-11-26 05:30:40,46.9219,-110.4544,58565,652,42012.0,15901.0,30.0,5479.62252217018,627851.0,,1.1132929223939212,84000030.0,USA,58744.753353830274,
Nebraska,US,2020-11-26 05:30:40,41.1254,-98.2681,117682,950,59002.0,57730.0,31.0,6083.618347318663,1292683.0,,0.8072602437076188,84000031.0,USA,66825.7678835075,
Nevada,US,2020-11-26 05:30:40,38.3135,-117.0554,142240,2071,,140169.0,32.0,4617.94792211823,1574257.0,,1.4559898762654668,84000032.0,USA,51109.65158907536,
New Hampshire,US,2020-11-26 05:30:40,43.4525,-71.5639,18846,514,13969.0,4363.0,33.0,1386.0298254555566,785563.0,,2.7273692030139016,84000033.0,USA,57774.26232486168,
New Jersey,US,2020-11-26 05:30:40,40.2989,-74.521,317905,16886,42125.0,258894.0,34.0,3579.128570769147,5827339.0,,5.311649706673378,84000034.0,USA,65607.00683052266,
New Mexico,US,2020-11-26 05:30:40,34.8405,-106.2485,88102,1451,30170.0,56481.0,35.0,4201.677866912371,1487840.0,,1.6469546661823795,84000035.0,USA,70956.66837877576,
New York,US,2020-11-26 05:30:40,42.1657,-74.9481,613266,34388,84001.0,494877.0,36.0,3152.461392544018,18525686.0,,5.607354720463877,84000036.0,USA,95230.3077056175,
North Carolina,US,2020-11-26 05:30:40,35.6301,-79.8064,346506,5138,293555.0,47813.0,37.0,3303.8064912523582,5084569.0,,1.482802606592671,84000037.0,USA,48479.48395531539,
North Dakota,US,2020-11-26 05:30:40,47.5289,-99.78399999999999,75478,893,65976.0,8609.0,38.0,9904.44347047878,1049728.0,,1.1831262089615515,84000038.0,USA,137748.37217969142,
Ohio,US,2020-11-26 05:30:40,40.3888,-82.7649,382743,6274,242146.0,134323.0,39.0,3274.358162732802,5856888.0,,1.6392200510525343,84000039.0,USA,50105.55132559394,
Oklahoma,US,2020-11-26 05:30:40,35.5653,-96.9289,184342,1680,149345.0,33317.0,40.0,4658.664417808471,2032905.0,,0.911349556802031,84000040.0,USA,51375.2817496009,
Oregon,US,2020-11-26 05:30:40,44.571999999999996,-122.0709,68503,867,5870.0,61766.0,41.0,1624.1648068620684,1028972.0,,1.2656380012554194,84000041.0,USA,24396.30541212029,
Pennsylvania,US,2020-11-26 05:30:40,40.5908,-77.2098,333465,10070,203253.0,120142.0,42.0,2604.7905524680577,3071050.0,,3.019807176165415,84000042.0,USA,23988.850482530488,
Rhode Island,US,2020-11-26 05:30:40,41.6809,-71.5118,52317,1335,3510.0,47472.0,44.0,4938.543140629115,1492195.0,,2.551751820631917,84000044.0,USA,140858.02667834665,
South Carolina,US,2020-11-26 05:30:40,33.8569,-80.945,210905,4317,111013.0,95575.0,45.0,4096.265591757477,2308163.0,,2.0468931509447383,84000045.0,USA,44829.893445237,
South Dakota,US,2020-11-26 05:30:40,44.2998,-99.4388,76142,849,59981.0,15312.0,46.0,8606.932162562072,318354.0,,1.1150219327046833,84000046.0,USA,35986.069208587716,
Tennessee,US,2020-11-26 05:30:40,35.7478,-86.6923,347972,4466,308566.0,34940.0,47.0,5095.374638279827,4354895.0,,1.2834365983469935,84000047.0,USA,63768.98582464,
Texas,US,2020-11-26 05:30:40,31.0545,-97.5635,1196711,21454,935011.0,240246.0,48.0,4127.17585646044,10319842.0,,1.792746953942932,84000048.0,USA,35590.71717807091,
Utah,US,2020-11-26 05:30:40,40.15,-111.8624,183902,834,120890.0,62178.0,49.0,5736.257305928524,1765766.0,,0.4535024088916923,84000049.0,USA,55077.63981936133,
Vermont,US,2020-11-26 05:30:40,44.0459,-72.7107,3827,64,2374.0,1389.0,50.0,613.3120936426764,533135.0,,1.6723281944081525,84000050.0,USA,85439.80743250281,
Virginia,US,2020-11-26 05:30:40,37.7693,-78.17,226300,4008,23625.0,198667.0,51.0,2651.274046721705,3213866.0,,1.7711003093239064,84000051.0,USA,37652.84805762836,
Washington,US,2020-11-26 05:30:40,47.4009,-121.4905,153906,2704,,151202.0,53.0,2021.1183532060136,2894367.0,,1.7569165594583709,84000053.0,USA,38009.29310497206,
West Virginia,US,2020-11-26 05:30:40,38.4912,-80.9545,43050,695,28072.0,14283.0,54.0,2402.1466989036057,1069343.0,,1.6144018583042974,84000054.0,USA,59668.26381987637,
Wisconsin,US,2020-11-26 05:30:40,44.2685,-89.6165,392438,3343,290969.0,98126.0,55.0,6740.102163459474,4281647.0,,0.8518543056482808,84000055.0,USA,73537.06370909486,
Wyoming,US,2020-11-26 05:30:40,42.756,-107.3025,30761,215,20113.0,10433.0,56.0,5314.992941794426,385040.0,,0.6989369656383082,84000056.0,USA,66528.55506350657,
